600359新农开发2017年年度报告.PDF,http://www.cninfo.com.cn/finalpage/2018-04-17/1204639100.PDF
600359新农开发2017年年度报告摘要.PDF,http://www.cninfo.com.cn/finalpage/2018-04-17/1204639074.PDF
600506香梨股份2017年年度报告摘要.PDF,http://www.cninfo.com.cn/finalpage/2018-04-11/1204600388.PDF
600506香梨股份2017年年度报告.PDF,http://www.cninfo.com.cn/finalpage/2018-04-11/1204600387.PDF
300498温氏股份2017年年度报告.PDF,http://www.cninfo.com.cn/finalpage/2018-04-10/1204596930.PDF
300498温氏股份2017年年度报告摘要.PDF,http://www.cninfo.com.cn/finalpage/2018-04-10/1204596877.PDF
300087荃银高科2017年年度报告.PDF,http://www.cninfo.com.cn/finalpage/2018-04-04/1204586469.PDF
300087荃银高科2017年年度报告摘要.PDF,http://www.cninfo.com.cn/finalpage/2018-04-04/1204586468.PDF
300106西部牧业2017年年度报告.PDF,http://www.cninfo.com.cn/finalpage/2018-04-03/1204576294.PDF
300106西部牧业2017年年度报告摘要.PDF,http://www.cninfo.com.cn/finalpage/2018-04-03/1204576292.PDF
600598北大荒2017年年度报告摘要.PDF,http://www.cninfo.com.cn/finalpage/2018-04-03/1204575675.PDF
600598北大荒2017年年度报告.PDF,http://www.cninfo.com.cn/finalpage/2018-04-03/1204575674.PDF
000798中水渔业2017年年度报告摘要.PDF,http://www.cninfo.com.cn/finalpage/2018-03-30/1204545824.PDF
000798中水渔业2017年年度报告.PDF,http://www.cninfo.com.cn/finalpage/2018-03-30/1204545821.PDF
600540ST新赛2017年年度报告摘要.PDF,http://www.cninfo.com.cn/finalpage/2018-03-28/1204525758.PDF
600540ST新赛2017年年度报告.PDF,http://www.cninfo.com.cn/finalpage/2018-03-28/1204525757.PDF
600965福成股份2017年年度报告.PDF,http://www.cninfo.com.cn/finalpage/2018-03-28/1204524284.PDF
600965福成股份2017年年度报告摘要.PDF,http://www.cninfo.com.cn/finalpage/2018-03-28/1204524279.PDF
600265ST景谷2017年年度报告.PDF,http://www.cninfo.com.cn/finalpage/2018-03-24/1204513763.PDF
600265ST景谷2017年年度报告摘要.PDF,http://www.cninfo.com.cn/finalpage/2018-03-24/1204513745.PDF
002772众兴菌业2017年年度报告.PDF,http://www.cninfo.com.cn/finalpage/2018-03-24/1204511292.PDF
002772众兴菌业2017年年度报告摘要.PDF,http://www.cninfo.com.cn/finalpage/2018-03-24/1204511280.PDF
600975新五丰2017年年度报告摘要.PDF,http://www.cninfo.com.cn/finalpage/2018-03-24/1204510974.PDF
600975新五丰2017年年度报告.PDF,http://www.cninfo.com.cn/finalpage/2018-03-24/1204510963.PDF
300511雪榕生物2017年年度报告.PDF,http://www.cninfo.com.cn/finalpage/2018-03-15/1204478341.PDF
300511雪榕生物2017年年度报告摘要.PDF,http://www.cninfo.com.cn/finalpage/2018-03-15/1204478340.PDF
300313天山生物2017年年度报告.PDF,http://www.cninfo.com.cn/finalpage/2018-03-13/1204470167.PDF
300313天山生物2017年年度报告摘要.PDF,http://www.cninfo.com.cn/finalpage/2018-03-13/1204470157.PDF
200992中鲁B2017年年度报告(英文版).PDF,http://www.cninfo.com.cn/finalpage/2018-03-08/1204457877.PDF
200992中鲁B2017年年度报告.PDF,http://www.cninfo.com.cn/finalpage/2018-03-08/1204457876.PDF
200992中鲁B2017年年度报告摘要.PDF,http://www.cninfo.com.cn/finalpage/2018-03-08/1204457873.PDF
002714牧原股份2017年年度报告.PDF,http://www.cninfo.com.cn/finalpage/2018-02-10/1204411631.PDF
002714牧原股份2017年年度报告摘要.PDF,http://www.cninfo.com.cn/finalpage/2018-02-10/1204411576.PDF
000711京蓝科技2016年年度报告(更新后).PDF,http://www.cninfo.com.cn/finalpage/2017-10-28/1204086085.PDF
300189神农基因2016年年度报告(更新后).PDF,http://www.cninfo.com.cn/finalpage/2017-08-30/1203895468.PDF
000713丰乐种业2016年年度报告(更新后).PDF,http://www.cninfo.com.cn/finalpage/2017-06-28/1203653421.PDF
002505大康农业2016年年度报告(更新后).PDF,http://www.cninfo.com.cn/finalpage/2017-06-09/1203602818.PDF
600540ST新赛2016年年度报告(修订版).PDF,http://www.cninfo.com.cn/finalpage/2017-06-06/1203589810.PDF
600467好当家2016年年度报告.PDF,http://www.cninfo.com.cn/finalpage/2017-05-23/1203554147.PDF
002505大康农业2016年年度报告(已取消).PDF,http://www.cninfo.com.cn/finalpage/2017-05-04/1203474987.PDF
600313农发种业2016年年度报告.PDF,http://www.cninfo.com.cn/finalpage/2017-05-03/1203470537.PDF
000592平潭发展2016年年度报告摘要.PDF,http://www.cninfo.com.cn/finalpage/2017-04-29/1203424034.PDF
000592平潭发展2016年年度报告.PDF,http://www.cninfo.com.cn/finalpage/2017-04-29/1203424015.PDF
600540新赛股份2016年年度报告摘要.PDF,http://www.cninfo.com.cn/finalpage/2017-04-28/1203419536.PDF
600540新赛股份2016年年度报告.PDF,http://www.cninfo.com.cn/finalpage/2017-04-28/1203419535.PDF
600354敦煌种业2016年年度报告.PDF,http://www.cninfo.com.cn/finalpage/2017-04-28/1203417719.PDF
600354敦煌种业2016年年度报告摘要.PDF,http://www.cninfo.com.cn/finalpage/2017-04-28/1203417699.PDF
600313农发种业2016年年度报告摘要.PDF,http://www.cninfo.com.cn/finalpage/2017-04-28/1203417651.PDF
600313农发种业2016年年度报告.PDF,http://www.cninfo.com.cn/finalpage/2017-04-28/1203417630.PDF
600257大湖股份2016年年度报告.PDF,http://www.cninfo.com.cn/finalpage/2017-04-28/1203417570.PDF
600257大湖股份2016年年度报告摘要.PDF,http://www.cninfo.com.cn/finalpage/2017-04-28/1203417557.PDF
600975新五丰2016年年度报告.PDF,http://www.cninfo.com.cn/finalpage/2017-04-28/1203416866.PDF
600975新五丰2016年年度报告摘要.PDF,http://www.cninfo.com.cn/finalpage/2017-04-28/1203416847.PDF
000998隆平高科2016年年度报告摘要.PDF,http://www.cninfo.com.cn/finalpage/2017-04-28/1203415550.PDF
000998隆平高科2016年年度报告.PDF,http://www.cninfo.com.cn/finalpage/2017-04-28/1203415549.PDF
300106西部牧业2016年年度报告.PDF,http://www.cninfo.com.cn/finalpage/2017-04-28/1203415012.PDF
300106西部牧业2016年年度报告摘要.PDF,http://www.cninfo.com.cn/finalpage/2017-04-28/1203415011.PDF
600108亚盛集团2016年年度报告摘要.PDF,http://www.cninfo.com.cn/finalpage/2017-04-28/1203411252.PDF
600108亚盛集团2016年年度报告.PDF,http://www.cninfo.com.cn/finalpage/2017-04-28/1203411242.PDF
002447壹桥股份2016年年度报告.PDF,http://www.cninfo.com.cn/finalpage/2017-04-28/1203410822.PDF
002447壹桥股份2016年年度报告摘要.PDF,http://www.cninfo.com.cn/finalpage/2017-04-28/1203410820.PDF
002746仙坛股份2016年年度报告.PDF,http://www.cninfo.com.cn/finalpage/2017-04-28/1203410675.PDF
002746仙坛股份2016年年度报告摘要.PDF,http://www.cninfo.com.cn/finalpage/2017-04-28/1203410647.PDF
600359新农开发2016年年度报告摘要.PDF,http://www.cninfo.com.cn/finalpage/2017-04-27/1203408464.PDF
600359新农开发2016年年度报告.PDF,http://www.cninfo.com.cn/finalpage/2017-04-27/1203408447.PDF
000798中水渔业2016年年度报告摘要(更新后).PDF,http://www.cninfo.com.cn/finalpage/2017-04-27/1203406665.PDF
000798中水渔业2016年年度报告(更新后).PDF,http://www.cninfo.com.cn/finalpage/2017-04-27/1203406664.PDF
002505大康农业2016年年度报告(已取消).PDF,http://www.cninfo.com.cn/finalpage/2017-04-27/1203406643.PDF
002505大康农业2016年年度报告摘要.PDF,http://www.cninfo.com.cn/finalpage/2017-04-27/1203406639.PDF
002200云投生态2016年年度报告.PDF,http://www.cninfo.com.cn/finalpage/2017-04-27/1203405483.PDF
002200云投生态2016年年度报告摘要.PDF,http://www.cninfo.com.cn/finalpage/2017-04-27/1203405467.PDF
002477雏鹰农牧2016年年度报告.PDF,http://www.cninfo.com.cn/finalpage/2017-04-26/1203389401.PDF
002477雏鹰农牧2016年年度报告摘要.PDF,http://www.cninfo.com.cn/finalpage/2017-04-26/1203389400.PDF
002679福建金森2016年年度报告.PDF,http://www.cninfo.com.cn/finalpage/2017-04-26/1203388813.PDF
002679福建金森2016年年度报告摘要.PDF,http://www.cninfo.com.cn/finalpage/2017-04-26/1203388806.PDF
300189神农基因2016年年度报告(已取消).PDF,http://www.cninfo.com.cn/finalpage/2017-04-26/1203388344.PDF
300189神农基因2016年年度报告摘要.PDF,http://www.cninfo.com.cn/finalpage/2017-04-26/1203388339.PDF
002714牧原股份2016年年度报告.PDF,http://www.cninfo.com.cn/finalpage/2017-04-26/1203388322.PDF
002714牧原股份2016年年度报告摘要.PDF,http://www.cninfo.com.cn/finalpage/2017-04-26/1203388290.PDF
300094国联水产2016年年度报告.PDF,http://www.cninfo.com.cn/finalpage/2017-04-26/1203387190.PDF
300094国联水产2016年年度报告摘要.PDF,http://www.cninfo.com.cn/finalpage/2017-04-26/1203387168.PDF
000713丰乐种业2016年年度报告(已取消).PDF,http://www.cninfo.com.cn/finalpage/2017-04-26/1203382422.PDF
000713丰乐种业2016年年度报告摘要.PDF,http://www.cninfo.com.cn/finalpage/2017-04-26/1203382421.PDF
600467好当家2016年年度报告.PDF,http://www.cninfo.com.cn/finalpage/2017-04-26/1203381727.PDF
600467好当家2016年年度报告摘要.PDF,http://www.cninfo.com.cn/finalpage/2017-04-26/1203381710.PDF
600371万向德农2016年年度报告(修订版).PDF,http://www.cninfo.com.cn/finalpage/2017-04-25/1203372878.PDF
600371万向德农2016年年度报告.PDF,http://www.cninfo.com.cn/finalpage/2017-04-22/1203357046.PDF
600371万向德农2016年年度报告摘要.PDF,http://www.cninfo.com.cn/finalpage/2017-04-22/1203357025.PDF
000798中水渔业2016年年度报告摘要(已取消).PDF,http://www.cninfo.com.cn/finalpage/2017-04-21/1203345742.PDF
000798中水渔业2016年年度报告(已取消).PDF,http://www.cninfo.com.cn/finalpage/2017-04-21/1203345741.PDF
002041登海种业2016年年度报告摘要.PDF,http://www.cninfo.com.cn/finalpage/2017-04-21/1203344890.PDF
002041登海种业2016年年度报告.PDF,http://www.cninfo.com.cn/finalpage/2017-04-21/1203344879.PDF
600097开创国际2016年年度报告.PDF,http://www.cninfo.com.cn/finalpage/2017-04-20/1203332148.PDF
600097开创国际2016年年度报告摘要.PDF,http://www.cninfo.com.cn/finalpage/2017-04-20/1203332135.PDF
601118海南橡胶2016年年度报告摘要.PDF,http://www.cninfo.com.cn/finalpage/2017-04-13/1203291116.PDF
601118海南橡胶2016年年度报告.PDF,http://www.cninfo.com.cn/finalpage/2017-04-13/1203291103.PDF
300087荃银高科2016年年度报告.PDF,http://www.cninfo.com.cn/finalpage/2017-04-08/1203263906.PDF
300087荃银高科2016年年度报告摘要.PDF,http://www.cninfo.com.cn/finalpage/2017-04-08/1203263891.PDF
300143星河生物2016年年度报告.PDF,http://www.cninfo.com.cn/finalpage/2017-04-07/1203259229.PDF
300143星河生物2016年年度报告摘要.PDF,http://www.cninfo.com.cn/finalpage/2017-04-07/1203259228.PDF
300498温氏股份2016年年度报告.PDF,http://www.cninfo.com.cn/finalpage/2017-04-07/1203258370.PDF
300498温氏股份2016年年度报告摘要.PDF,http://www.cninfo.com.cn/finalpage/2017-04-07/1203258338.PDF
002086东方海洋2016年年度报告摘要(更新后).PDF,http://www.cninfo.com.cn/finalpage/2017-04-06/1203251064.PDF
002086东方海洋2016年年度报告(更新后).PDF,http://www.cninfo.com.cn/finalpage/2017-04-06/1203251063.PDF
002299圣农发展2016年年度报告.PDF,http://www.cninfo.com.cn/finalpage/2017-03-31/1203239273.PDF
002299圣农发展2016年年度报告摘要.PDF,http://www.cninfo.com.cn/finalpage/2017-03-31/1203239272.PDF
000735罗牛山2016年年度报告.PDF,http://www.cninfo.com.cn/finalpage/2017-03-31/1203238346.PDF
000735罗牛山2016年年度报告摘要.PDF,http://www.cninfo.com.cn/finalpage/2017-03-31/1203238345.PDF
300313天山生物2016年年度报告.PDF,http://www.cninfo.com.cn/finalpage/2017-03-30/1203226226.PDF
300313天山生物2016年年度报告摘要.PDF,http://www.cninfo.com.cn/finalpage/2017-03-30/1203226225.PDF
002321华英农业2016年年度报告摘要.PDF,http://www.cninfo.com.cn/finalpage/2017-03-28/1203211799.PDF
002321华英农业2016年年度报告.PDF,http://www.cninfo.com.cn/finalpage/2017-03-28/1203211798.PDF
600598北大荒2016年年度报告摘要.PDF,http://www.cninfo.com.cn/finalpage/2017-03-28/1203209025.PDF
600598北大荒2016年年度报告.PDF,http://www.cninfo.com.cn/finalpage/2017-03-28/1203209010.PDF
002234民和股份2016年年度报告.PDF,http://www.cninfo.com.cn/finalpage/2017-03-25/1203194868.PDF
002234民和股份2016年年度报告摘要.PDF,http://www.cninfo.com.cn/finalpage/2017-03-25/1203194856.PDF
600965福成股份2016年年度报告.PDF,http://www.cninfo.com.cn/finalpage/2017-03-23/1203187948.PDF
600965福成股份2016年年度报告摘要.PDF,http://www.cninfo.com.cn/finalpage/2017-03-23/1203187945.PDF
002069ST獐岛2016年年度报告.PDF,http://www.cninfo.com.cn/finalpage/2017-03-21/1203181621.PDF
002069ST獐岛2016年年度报告摘要.PDF,http://www.cninfo.com.cn/finalpage/2017-03-21/1203181617.PDF
002458益生股份2016年年度报告.PDF,http://www.cninfo.com.cn/finalpage/2017-03-21/1203179920.PDF
002458益生股份2016年年度报告摘要.PDF,http://www.cninfo.com.cn/finalpage/2017-03-21/1203179916.PDF
000711京蓝科技2016年年度报告(已取消).PDF,http://www.cninfo.com.cn/finalpage/2017-03-16/1203164122.PDF
000711京蓝科技2016年年度报告摘要.PDF,http://www.cninfo.com.cn/finalpage/2017-03-16/1203164121.PDF
300511雪榕生物2016年年度报告.PDF,http://www.cninfo.com.cn/finalpage/2017-03-14/1203155463.PDF
300511雪榕生物2016年年度报告摘要.PDF,http://www.cninfo.com.cn/finalpage/2017-03-14/1203155451.PDF
002696百洋股份2016年年度报告.PDF,http://www.cninfo.com.cn/finalpage/2017-03-14/1203153613.PDF
002696百洋股份2016年年度报告摘要.PDF,http://www.cninfo.com.cn/finalpage/2017-03-14/1203153608.PDF
600506香梨股份2016年年度报告.PDF,http://www.cninfo.com.cn/finalpage/2017-03-11/1203149994.PDF
600506香梨股份2016年年度报告摘要.PDF,http://www.cninfo.com.cn/finalpage/2017-03-11/1203149990.PDF
002086东方海洋2016年年度报告(已取消).PDF,http://www.cninfo.com.cn/finalpage/2017-03-09/1203141143.PDF
002086东方海洋2016年年度报告摘要(已取消).PDF,http://www.cninfo.com.cn/finalpage/2017-03-09/1203141117.PDF
200992中鲁B2016年年度报告.PDF,http://www.cninfo.com.cn/finalpage/2017-03-04/1203129772.PDF
200992中鲁B2016年年度报告(英文版).PDF,http://www.cninfo.com.cn/finalpage/2017-03-04/1203129768.PDF
200992中鲁B2016年年度报告摘要.PDF,http://www.cninfo.com.cn/finalpage/2017-03-04/1203129757.PDF
002772众兴菌业2016年年度报告.PDF,http://www.cninfo.com.cn/finalpage/2017-02-28/1203112266.PDF
002772众兴菌业2016年年度报告摘要.PDF,http://www.cninfo.com.cn/finalpage/2017-02-28/1203112259.PDF
600265ST景谷2016年年度报告.PDF,http://www.cninfo.com.cn/finalpage/2017-01-25/1203051940.PDF
600265ST景谷2016年年度报告摘要.PDF,http://www.cninfo.com.cn/finalpage/2017-01-25/1203051931.PDF
002041登海种业2015年年度报告摘要(更新后).PDF,http://www.cninfo.com.cn/finalpage/2016-07-13/1202467806.PDF
002041登海种业2015年年度报告(更新后).PDF,http://www.cninfo.com.cn/finalpage/2016-07-13/1202467805.PDF
000713丰乐种业2015年年度报告(更新后).PDF,http://www.cninfo.com.cn/finalpage/2016-06-13/1202363291.PDF
600359新农开发2015年年度报告(修订版).PDF,http://www.cninfo.com.cn/finalpage/2016-06-03/1202353960.PDF
002069獐子岛2015年年度报告.PDF,http://www.cninfo.com.cn/finalpage/2016-04-30/1202284288.PDF
002069獐子岛2015年年度报告摘要.PDF,http://www.cninfo.com.cn/finalpage/2016-04-30/1202284286.PDF
600265ST景谷关于2015年年度报告摘要的更正公告.PDF,http://www.cninfo.com.cn/finalpage/2016-04-30/1202282782.PDF
600265ST景谷2015年年度报告摘要(修订版).PDF,http://www.cninfo.com.cn/finalpage/2016-04-30/1202282778.PDF
002200云投生态2015年年度报告.PDF,http://www.cninfo.com.cn/finalpage/2016-04-30/1202280087.PDF
002200云投生态2015年年度报告摘要.PDF,http://www.cninfo.com.cn/finalpage/2016-04-30/1202280064.PDF
600265ST景谷2015年年度报告摘要.PDF,http://www.cninfo.com.cn/finalpage/2016-04-29/1202269012.PDF
600265ST景谷2015年年度报告.PDF,http://www.cninfo.com.cn/finalpage/2016-04-29/1202269006.PDF
600257大湖股份2015年年度报告摘要.PDF,http://www.cninfo.com.cn/finalpage/2016-04-29/1202268459.PDF
600257大湖股份2015年年度报告.PDF,http://www.cninfo.com.cn/finalpage/2016-04-29/1202268444.PDF
000798中水渔业2015年年度报告摘要.PDF,http://www.cninfo.com.cn/finalpage/2016-04-29/1202268279.PDF
000798中水渔业2015年年度报告.PDF,http://www.cninfo.com.cn/finalpage/2016-04-29/1202268278.PDF
600359新农开发2015年年度报告摘要.PDF,http://www.cninfo.com.cn/finalpage/2016-04-29/1202266750.PDF
600359新农开发2015年年度报告.PDF,http://www.cninfo.com.cn/finalpage/2016-04-29/1202266744.PDF
600540新赛股份2015年年度报告摘要.PDF,http://www.cninfo.com.cn/finalpage/2016-04-29/1202266224.PDF
600540新赛股份2015年年度报告.PDF,http://www.cninfo.com.cn/finalpage/2016-04-29/1202266220.PDF
600108亚盛集团2015年年度报告摘要.PDF,http://www.cninfo.com.cn/finalpage/2016-04-28/1202261773.PDF
600108亚盛集团2015年年度报告.PDF,http://www.cninfo.com.cn/finalpage/2016-04-28/1202261759.PDF
600313农发种业2015年年度报告.PDF,http://www.cninfo.com.cn/finalpage/2016-04-28/1202260431.PDF
600313农发种业2015年年度报告摘要.PDF,http://www.cninfo.com.cn/finalpage/2016-04-28/1202260428.PDF
600097开创国际2015年年度报告.PDF,http://www.cninfo.com.cn/finalpage/2016-04-28/1202257366.PDF
600097开创国际2015年年度报告摘要.PDF,http://www.cninfo.com.cn/finalpage/2016-04-28/1202257344.PDF
002505大康牧业2015年年度报告.PDF,http://www.cninfo.com.cn/finalpage/2016-04-26/1202245398.PDF
002505大康牧业2015年年度报告摘要.PDF,http://www.cninfo.com.cn/finalpage/2016-04-26/1202245373.PDF
300189神农基因2015年年度报告.PDF,http://www.cninfo.com.cn/finalpage/2016-04-26/1202244127.PDF
300189神农基因2015年年度报告摘要.PDF,http://www.cninfo.com.cn/finalpage/2016-04-26/1202244122.PDF
300094国联水产2015年年度报告.PDF,http://www.cninfo.com.cn/finalpage/2016-04-26/1202243874.PDF
300094国联水产2015年年度报告摘要.PDF,http://www.cninfo.com.cn/finalpage/2016-04-26/1202243858.PDF
002458益生股份2015年年度报告.PDF,http://www.cninfo.com.cn/finalpage/2016-04-26/1202240523.PDF
002458益生股份2015年年度报告摘要.PDF,http://www.cninfo.com.cn/finalpage/2016-04-26/1202240522.PDF
002299圣农发展2015年年度报告摘要.PDF,http://www.cninfo.com.cn/finalpage/2016-04-25/1202227357.PDF
002299圣农发展2015年年度报告.PDF,http://www.cninfo.com.cn/finalpage/2016-04-25/1202227356.PDF
601118海南橡胶2015年年度报告.PDF,http://www.cninfo.com.cn/finalpage/2016-04-23/1202232032.PDF
601118海南橡胶2015年年度报告摘要.PDF,http://www.cninfo.com.cn/finalpage/2016-04-23/1202232002.PDF
002679福建金森2015年年度报告.PDF,http://www.cninfo.com.cn/finalpage/2016-04-23/1202230093.PDF
002679福建金森2015年年度报告摘要.PDF,http://www.cninfo.com.cn/finalpage/2016-04-23/1202230071.PDF
600975新五丰2015年年度报告.PDF,http://www.cninfo.com.cn/finalpage/2016-04-23/1202229848.PDF
600975新五丰2015年年度报告摘要.PDF,http://www.cninfo.com.cn/finalpage/2016-04-23/1202229831.PDF
600467好当家2015年年度报告.PDF,http://www.cninfo.com.cn/finalpage/2016-04-23/1202227974.PDF
600467好当家2015年年度报告摘要.PDF,http://www.cninfo.com.cn/finalpage/2016-04-23/1202227970.PDF
000592平潭发展2015年年度报告.PDF,http://www.cninfo.com.cn/finalpage/2016-04-23/1202227414.PDF
000592平潭发展2015年年度报告摘要.PDF,http://www.cninfo.com.cn/finalpage/2016-04-23/1202227404.PDF
300106西部牧业2015年年度报告摘要.PDF,http://www.cninfo.com.cn/finalpage/2016-04-23/1202226545.PDF
300106西部牧业2015年年度报告.PDF,http://www.cninfo.com.cn/finalpage/2016-04-23/1202226538.PDF
002234民和股份2015年年度报告.PDF,http://www.cninfo.com.cn/finalpage/2016-04-23/1202226091.PDF
002234民和股份2015年年度报告摘要.PDF,http://www.cninfo.com.cn/finalpage/2016-04-23/1202226085.PDF
002477雏鹰农牧2015年年度报告.PDF,http://www.cninfo.com.cn/finalpage/2016-04-22/1202217863.PDF
002477雏鹰农牧2015年年度报告摘要.PDF,http://www.cninfo.com.cn/finalpage/2016-04-22/1202217861.PDF
002041登海种业2015年年度报告(已取消).PDF,http://www.cninfo.com.cn/finalpage/2016-04-21/1202212581.PDF
002041登海种业2015年年度报告摘要(已取消).PDF,http://www.cninfo.com.cn/finalpage/2016-04-21/1202212580.PDF
300313天山生物2015年年度报告.PDF,http://www.cninfo.com.cn/finalpage/2016-04-20/1202205446.PDF
300313天山生物2015年年度报告摘要.PDF,http://www.cninfo.com.cn/finalpage/2016-04-20/1202205430.PDF
002696百洋股份2015年年度报告.PDF,http://www.cninfo.com.cn/finalpage/2016-04-19/1202194060.PDF
002696百洋股份2015年年度报告摘要.PDF,http://www.cninfo.com.cn/finalpage/2016-04-19/1202194059.PDF
300498温氏股份2015年年度报告摘要.PDF,http://www.cninfo.com.cn/finalpage/2016-04-18/1202185614.PDF
300498温氏股份2015年年度报告.PDF,http://www.cninfo.com.cn/finalpage/2016-04-18/1202185591.PDF
002086东方海洋2015年年度报告.PDF,http://www.cninfo.com.cn/finalpage/2016-04-16/1202185529.PDF
002086东方海洋2015年年度报告摘要.PDF,http://www.cninfo.com.cn/finalpage/2016-04-16/1202185528.PDF
002746仙坛股份2015年年度报告.PDF,http://www.cninfo.com.cn/finalpage/2016-04-16/1202185525.PDF
002746仙坛股份2015年年度报告摘要.PDF,http://www.cninfo.com.cn/finalpage/2016-04-16/1202185520.PDF
600354敦煌种业2015年年度报告.PDF,http://www.cninfo.com.cn/finalpage/2016-04-15/1202181741.PDF
600354敦煌种业2015年年度报告摘要.PDF,http://www.cninfo.com.cn/finalpage/2016-04-15/1202181734.PDF
002447壹桥海参2015年年度报告.PDF,http://www.cninfo.com.cn/finalpage/2016-04-15/1202178469.PDF
002447壹桥海参2015年年度报告摘要.PDF,http://www.cninfo.com.cn/finalpage/2016-04-15/1202178463.PDF
000713丰乐种业2015年年度报告(已取消).PDF,http://www.cninfo.com.cn/finalpage/2016-04-09/1202155580.PDF
000713丰乐种业2015年年度报告摘要.PDF,http://www.cninfo.com.cn/finalpage/2016-04-09/1202155579.PDF
000998隆平高科2015年年度报告.PDF,http://www.cninfo.com.cn/finalpage/2016-04-08/1202150869.PDF
000998隆平高科2015年年度报告摘要.PDF,http://www.cninfo.com.cn/finalpage/2016-04-08/1202150868.PDF
002321华英农业2015年年度报告.PDF,http://www.cninfo.com.cn/finalpage/2016-04-08/1202150635.PDF
002321华英农业2015年年度报告摘要.PDF,http://www.cninfo.com.cn/finalpage/2016-04-08/1202150634.PDF
200992中鲁B2015年年度报告(更新后).PDF,http://www.cninfo.com.cn/finalpage/2016-04-01/1202122684.PDF
200992中鲁B2015年年度报告(英文版)(更新后).PDF,http://www.cninfo.com.cn/finalpage/2016-04-01/1202122683.PDF
000735罗牛山2015年年度报告.PDF,http://www.cninfo.com.cn/finalpage/2016-03-31/1202113092.PDF
000735罗牛山2015年年度报告摘要.PDF,http://www.cninfo.com.cn/finalpage/2016-03-31/1202113085.PDF
600371万向德农2015年年度报告.PDF,http://www.cninfo.com.cn/finalpage/2016-03-31/1202110510.PDF
600371万向德农2015年年度报告摘要.PDF,http://www.cninfo.com.cn/finalpage/2016-03-31/1202110507.PDF
600965福成五丰2015年年度报告.PDF,http://www.cninfo.com.cn/finalpage/2016-03-23/1202067555.PDF
600965福成五丰2015年年度报告摘要.PDF,http://www.cninfo.com.cn/finalpage/2016-03-23/1202067536.PDF
600598北大荒2015年年度报告摘要.PDF,http://www.cninfo.com.cn/finalpage/2016-03-22/1202065002.PDF
600598北大荒2015年年度报告.PDF,http://www.cninfo.com.cn/finalpage/2016-03-22/1202064999.PDF
300143星河生物2015年年度报告.PDF,http://www.cninfo.com.cn/finalpage/2016-03-16/1202048392.PDF
300143星河生物2015年年度报告摘要.PDF,http://www.cninfo.com.cn/finalpage/2016-03-16/1202048391.PDF
300087荃银高科2015年年度报告.PDF,http://www.cninfo.com.cn/finalpage/2016-03-15/1202044825.PDF
300087荃银高科2015年年度报告摘要.PDF,http://www.cninfo.com.cn/finalpage/2016-03-15/1202044824.PDF
600506香梨股份2015年年度报告摘要.PDF,http://www.cninfo.com.cn/finalpage/2016-03-12/1202039509.PDF
600506香梨股份2015年年度报告.PDF,http://www.cninfo.com.cn/finalpage/2016-03-12/1202039508.PDF
200992中鲁B2015年年度报告(英文版)(已取消).PDF,http://www.cninfo.com.cn/finalpage/2016-03-05/1202023006.PDF
200992中鲁B2015年年度报告(已取消).PDF,http://www.cninfo.com.cn/finalpage/2016-03-05/1202023003.PDF
200992中鲁B2015年年度报告摘要.PDF,http://www.cninfo.com.cn/finalpage/2016-03-05/1202022999.PDF
002772众兴菌业2015年年度报告.PDF,http://www.cninfo.com.cn/finalpage/2016-02-26/1202000483.PDF
002772众兴菌业2015年年度报告摘要.PDF,http://www.cninfo.com.cn/finalpage/2016-02-26/1202000456.PDF
002714牧原股份2015年年度报告.PDF,http://www.cninfo.com.cn/finalpage/2016-02-25/1201997101.PDF
002714牧原股份2015年年度报告摘要.PDF,http://www.cninfo.com.cn/finalpage/2016-02-25/1201997100.PDF
000711ST京蓝2015年年度报告(已取消).PDF,http://www.cninfo.com.cn/finalpage/2016-02-15/1201974189.PDF
000711ST京蓝2015年年度报告(已取消).PDF,http://www.cninfo.com.cn/finalpage/2016-01-26/1201941138.PDF
000711ST京蓝2015年年度报告摘要.PDF,http://www.cninfo.com.cn/finalpage/2016-01-26/1201941130.PDF
600359新农开发2014年年度报告(修订版).PDF,http://www.cninfo.com.cn/finalpage/2015-06-03/1201096261.PDF
600359新农开发2014年年度报告摘要(修订版).PDF,http://www.cninfo.com.cn/finalpage/2015-06-03/1201096260.PDF
600975新五丰2014年年度报告.PDF,http://www.cninfo.com.cn/finalpage/2015-04-30/1200948765.PDF
600975新五丰2014年年度报告摘要.PDF,http://www.cninfo.com.cn/finalpage/2015-04-30/1200948760.PDF
600097开创国际2014年年度报告.PDF,http://www.cninfo.com.cn/finalpage/2015-04-30/1200946634.PDF
600097开创国际2014年年度报告摘要.PDF,http://www.cninfo.com.cn/finalpage/2015-04-30/1200946627.PDF
300094国联水产2014年年度报告.PDF,http://www.cninfo.com.cn/finalpage/2015-04-30/1200945594.PDF
300094国联水产2014年年度报告摘要.PDF,http://www.cninfo.com.cn/finalpage/2015-04-30/1200945588.PDF
600257大湖股份2014年年度报告.PDF,http://www.cninfo.com.cn/finalpage/2015-04-29/1200936245.PDF
600257大湖股份2014年年度报告摘要.PDF,http://www.cninfo.com.cn/finalpage/2015-04-29/1200936241.PDF
002200云投生态2014年年度报告.PDF,http://www.cninfo.com.cn/finalpage/2015-04-29/1200932991.PDF
002200云投生态2014年年度报告摘要.PDF,http://www.cninfo.com.cn/finalpage/2015-04-29/1200932990.PDF
000998隆平高科2014年年度报告.PDF,http://www.cninfo.com.cn/finalpage/2015-04-28/1200922611.PDF
000998隆平高科2014年年度报告摘要.PDF,http://www.cninfo.com.cn/finalpage/2015-04-28/1200922610.PDF
002321华英农业2014年年度报告摘要(更新后).PDF,http://www.cninfo.com.cn/finalpage/2015-04-28/1200922603.PDF
002321华英农业2014年年度报告(更新后).PDF,http://www.cninfo.com.cn/finalpage/2015-04-28/1200922602.PDF
002069獐子岛2014年年度报告.PDF,http://www.cninfo.com.cn/finalpage/2015-04-28/1200922210.PDF
002069獐子岛2014年年度报告摘要.PDF,http://www.cninfo.com.cn/finalpage/2015-04-28/1200922202.PDF
002321华英农业2014年年度报告(已取消).PDF,http://www.cninfo.com.cn/finalpage/2015-04-27/1200910798.PDF
002321华英农业2014年年度报告摘要(已取消).PDF,http://www.cninfo.com.cn/finalpage/2015-04-27/1200910791.PDF
002714牧原股份2014年年度报告.PDF,http://www.cninfo.com.cn/finalpage/2015-04-27/1200907919.PDF
002714牧原股份2014年年度报告摘要.PDF,http://www.cninfo.com.cn/finalpage/2015-04-27/1200907918.PDF
600265ST景谷2014年年度报告.PDF,http://www.cninfo.com.cn/finalpage/2015-04-25/1200906399.PDF
600265ST景谷2014年年度报告摘要.PDF,http://www.cninfo.com.cn/finalpage/2015-04-25/1200906391.PDF
600467好当家2014年年度报告.PDF,http://www.cninfo.com.cn/finalpage/2015-04-25/1200906321.PDF
600467好当家2014年年度报告摘要.PDF,http://www.cninfo.com.cn/finalpage/2015-04-25/1200906317.PDF
600108亚盛集团2014年年度报告.PDF,http://www.cninfo.com.cn/finalpage/2015-04-24/1200900635.PDF
600108亚盛集团2014年年度报告摘要.PDF,http://www.cninfo.com.cn/finalpage/2015-04-24/1200900632.PDF
600506香梨股份2014年年度报告.PDF,http://www.cninfo.com.cn/finalpage/2015-04-24/1200898900.PDF
600506香梨股份2014年年度报告摘要.PDF,http://www.cninfo.com.cn/finalpage/2015-04-24/1200898899.PDF
300143星河生物2014年年度报告.PDF,http://www.cninfo.com.cn/finalpage/2015-04-24/1200898448.PDF
300143星河生物2014年年度报告摘要.PDF,http://www.cninfo.com.cn/finalpage/2015-04-24/1200898447.PDF
002477雏鹰农牧2014年年度报告.PDF,http://www.cninfo.com.cn/finalpage/2015-04-24/1200895700.PDF
002477雏鹰农牧2014年年度报告摘要.PDF,http://www.cninfo.com.cn/finalpage/2015-04-24/1200895699.PDF
300087荃银高科2014年年度报告(更新后).PDF,http://www.cninfo.com.cn/finalpage/2015-04-23/1200896083.PDF
002696百洋股份2014年年度报告(更新后).PDF,http://www.cninfo.com.cn/finalpage/2015-04-22/1200884142.PDF
002696百洋股份2014年年度报告(已取消).PDF,http://www.cninfo.com.cn/finalpage/2015-04-22/1200881241.PDF
002696百洋股份2014年年度报告摘要.PDF,http://www.cninfo.com.cn/finalpage/2015-04-22/1200881240.PDF
002041登海种业2014年年度报告.PDF,http://www.cninfo.com.cn/finalpage/2015-04-21/1200876975.PDF
002041登海种业2014年年度报告摘要.PDF,http://www.cninfo.com.cn/finalpage/2015-04-21/1200876974.PDF
600540新赛股份2014年年度报告.PDF,http://www.cninfo.com.cn/finalpage/2015-04-17/1200848995.PDF
600540新赛股份2014年年度报告摘要.PDF,http://www.cninfo.com.cn/finalpage/2015-04-17/1200848990.PDF
002679福建金森2014年年度报告.PDF,http://www.cninfo.com.cn/finalpage/2015-04-17/1200848813.PDF
002679福建金森2014年年度报告摘要.PDF,http://www.cninfo.com.cn/finalpage/2015-04-17/1200848805.PDF
002505大康牧业2014年年度报告.PDF,http://www.cninfo.com.cn/finalpage/2015-04-17/1200848519.PDF
002505大康牧业2014年年度报告摘要.PDF,http://www.cninfo.com.cn/finalpage/2015-04-17/1200848511.PDF
002086东方海洋2014年年度报告.PDF,http://www.cninfo.com.cn/finalpage/2015-04-17/1200845873.PDF
002086东方海洋2014年年度报告摘要.PDF,http://www.cninfo.com.cn/finalpage/2015-04-17/1200845872.PDF
300189神农大丰2014年年度报告.PDF,http://www.cninfo.com.cn/finalpage/2015-04-16/1200838755.PDF
300189神农大丰2014年年度报告摘要.PDF,http://www.cninfo.com.cn/finalpage/2015-04-16/1200838749.PDF
601118海南橡胶2014年年度报告.PDF,http://www.cninfo.com.cn/finalpage/2015-04-15/1200834425.PDF
601118海南橡胶2014年年度报告摘要.PDF,http://www.cninfo.com.cn/finalpage/2015-04-15/1200834390.PDF
000592平潭发展2014年年度报告.PDF,http://www.cninfo.com.cn/finalpage/2015-04-15/1200834190.PDF
000592平潭发展2014年年度报告摘要.PDF,http://www.cninfo.com.cn/finalpage/2015-04-15/1200834182.PDF
600313农发种业2014年年度报告.PDF,http://www.cninfo.com.cn/finalpage/2015-04-14/1200826072.PDF
600313农发种业2014年年度报告摘要.PDF,http://www.cninfo.com.cn/finalpage/2015-04-14/1200826068.PDF
600371万向德农2014年年度报告.PDF,http://www.cninfo.com.cn/finalpage/2015-04-11/1200812452.PDF
600371万向德农2014年年度报告摘要.PDF,http://www.cninfo.com.cn/finalpage/2015-04-11/1200812445.PDF
002447壹桥海参2014年年度报告.PDF,http://www.cninfo.com.cn/finalpage/2015-04-11/1200809393.PDF
002447壹桥海参2014年年度报告摘要.PDF,http://www.cninfo.com.cn/finalpage/2015-04-11/1200809386.PDF
300087荃银高科2014年年度报告(已取消).PDF,http://www.cninfo.com.cn/finalpage/2015-04-10/1200806835.PDF
300087荃银高科2014年年度报告摘要.PDF,http://www.cninfo.com.cn/finalpage/2015-04-10/1200806834.PDF
300106西部牧业2014年年度报告.PDF,http://www.cninfo.com.cn/finalpage/2015-04-09/1200799700.PDF
300106西部牧业2014年年度报告摘要.PDF,http://www.cninfo.com.cn/finalpage/2015-04-09/1200799699.PDF
002458益生股份2014年年度报告.PDF,http://www.cninfo.com.cn/finalpage/2015-03-31/1200767909.PDF
002458益生股份2014年年度报告摘要.PDF,http://www.cninfo.com.cn/finalpage/2015-03-31/1200767908.PDF
002299圣农发展2014年年度报告.PDF,http://www.cninfo.com.cn/finalpage/2015-03-31/1200767556.PDF
002299圣农发展2014年年度报告摘要.PDF,http://www.cninfo.com.cn/finalpage/2015-03-31/1200767555.PDF
600598ST大荒2014年年度报告.PDF,http://www.cninfo.com.cn/finalpage/2015-03-31/1200763582.PDF
600598ST大荒2014年年度报告摘要.PDF,http://www.cninfo.com.cn/finalpage/2015-03-31/1200763575.PDF
000713丰乐种业2014年年度报告.PDF,http://www.cninfo.com.cn/finalpage/2015-03-30/1200755414.PDF
000713丰乐种业2014年年度报告摘要.PDF,http://www.cninfo.com.cn/finalpage/2015-03-30/1200755413.PDF
000798中水渔业2014年年度报告.PDF,http://www.cninfo.com.cn/finalpage/2015-03-30/1200754520.PDF
000798中水渔业2014年年度报告摘要.PDF,http://www.cninfo.com.cn/finalpage/2015-03-30/1200754514.PDF
600965福成五丰2014年年度报告.PDF,http://www.cninfo.com.cn/finalpage/2015-03-28/1200757012.PDF
600965福成五丰2014年年度报告摘要.PDF,http://www.cninfo.com.cn/finalpage/2015-03-28/1200757006.PDF
300313天山生物2014年年度报告.PDF,http://www.cninfo.com.cn/finalpage/2015-03-28/1200755628.PDF
300313天山生物2014年年度报告摘要.PDF,http://www.cninfo.com.cn/finalpage/2015-03-28/1200755627.PDF
000735罗牛山2014年年度报告(更新后).PDF,http://www.cninfo.com.cn/finalpage/2015-03-21/1200724489.PDF
600354敦煌种业2014年年度报告.PDF,http://www.cninfo.com.cn/finalpage/2015-03-20/1200720215.PDF
600354敦煌种业2014年年度报告摘要.PDF,http://www.cninfo.com.cn/finalpage/2015-03-20/1200720211.PDF
002234ST民和2014年年度报告.PDF,http://www.cninfo.com.cn/finalpage/2015-03-20/1200718869.PDF
002234ST民和2014年年度报告摘要.PDF,http://www.cninfo.com.cn/finalpage/2015-03-20/1200718862.PDF
600359新农开发2014年年度报告.PDF,http://www.cninfo.com.cn/finalpage/2015-03-17/1200707509.PDF
600359新农开发2014年年度报告摘要.PDF,http://www.cninfo.com.cn/finalpage/2015-03-17/1200707503.PDF
000711京蓝科技2014年年度报告.PDF,http://www.cninfo.com.cn/finalpage/2015-03-10/1200684221.PDF
000711京蓝科技2014年年度报告摘要.PDF,http://www.cninfo.com.cn/finalpage/2015-03-10/1200684220.PDF
200992中鲁B2014年年度报告(英文版).PDF,http://www.cninfo.com.cn/finalpage/2015-03-06/1200672660.PDF
200992中鲁B2014年年度报告.PDF,http://www.cninfo.com.cn/finalpage/2015-03-06/1200672659.PDF
200992中鲁B2014年年度报告摘要.PDF,http://www.cninfo.com.cn/finalpage/2015-03-06/1200672651.PDF
000735罗牛山2014年年度报告摘要(更新后).PDF,http://www.cninfo.com.cn/finalpage/2015-02-12/1200630556.PDF
000735罗牛山2014年年度报告(已取消).PDF,http://www.cninfo.com.cn/finalpage/2015-02-12/1200630554.PDF
000735罗牛山2014年年度报告(已取消).PDF,http://www.cninfo.com.cn/finalpage/2015-02-11/1200627362.PDF
000735罗牛山2014年年度报告摘要(已取消).PDF,http://www.cninfo.com.cn/finalpage/2015-02-11/1200627361.PDF
000998隆平高科2013年年度报告(更新后).PDF,http://www.cninfo.com.cn/finalpage/2014-06-25/1200004735.PDF
000998隆平高科2013年年度报告摘要(更新后).PDF,http://www.cninfo.com.cn/finalpage/2014-06-25/1200004731.PDF
600097开创国际2013年年度报告摘要(修订版).PDF,http://www.cninfo.com.cn/finalpage/2014-06-11/64122332.PDF
600097开创国际2013年年度报告(修订版).PDF,http://www.cninfo.com.cn/finalpage/2014-06-11/64122331.PDF
002069獐子岛2013年年度报告(更新后).PDF,http://www.cninfo.com.cn/finalpage/2014-05-06/63973420.PDF
600540新赛股份2013年年度报告.PDF,http://www.cninfo.com.cn/finalpage/2014-04-30/63954642.PDF
600540新赛股份2013年年度报告摘要.PDF,http://www.cninfo.com.cn/finalpage/2014-04-30/63954634.PDF
000592中福实业2013年年度报告.PDF,http://www.cninfo.com.cn/finalpage/2014-04-30/63950761.PDF
000592中福实业2013年年度报告摘要.PDF,http://www.cninfo.com.cn/finalpage/2014-04-30/63950742.PDF
600097开创国际2013年年度报告.PDF,http://www.cninfo.com.cn/finalpage/2014-04-30/63949762.PDF
600097开创国际2013年年度报告摘要.PDF,http://www.cninfo.com.cn/finalpage/2014-04-30/63949757.PDF
000735罗牛山2013年年度报告.PDF,http://www.cninfo.com.cn/finalpage/2014-04-30/63949358.PDF
000735罗牛山2013年年度报告摘要.PDF,http://www.cninfo.com.cn/finalpage/2014-04-30/63949345.PDF
600257大湖股份2013年年度报告(修订版).PDF,http://www.cninfo.com.cn/finalpage/2014-04-29/63941109.PDF
600257大湖股份2013年年度报告.PDF,http://www.cninfo.com.cn/finalpage/2014-04-26/63929964.PDF
600257大湖股份2013年年度报告摘要.PDF,http://www.cninfo.com.cn/finalpage/2014-04-26/63929958.PDF
002069獐子岛2013年年度报告(已取消).PDF,http://www.cninfo.com.cn/finalpage/2014-04-26/63927042.PDF
002069獐子岛2013年年度报告摘要.PDF,http://www.cninfo.com.cn/finalpage/2014-04-26/63927031.PDF
000798中水渔业2013年年度报告.PDF,http://www.cninfo.com.cn/finalpage/2014-04-25/63918750.PDF
000798中水渔业2013年年度报告摘要.PDF,http://www.cninfo.com.cn/finalpage/2014-04-25/63918742.PDF
300189神农大丰2013年年度报告.PDF,http://www.cninfo.com.cn/finalpage/2014-04-25/63918533.PDF
300189神农大丰2013年年度报告摘要.PDF,http://www.cninfo.com.cn/finalpage/2014-04-25/63918525.PDF
300094国联水产2013年年度报告.PDF,http://www.cninfo.com.cn/finalpage/2014-04-25/63918502.PDF
300094国联水产2013年年度报告摘要.PDF,http://www.cninfo.com.cn/finalpage/2014-04-25/63918496.PDF
002696百洋股份2013年年度报告.PDF,http://www.cninfo.com.cn/finalpage/2014-04-25/63918063.PDF
002696百洋股份2013年年度报告摘要.PDF,http://www.cninfo.com.cn/finalpage/2014-04-25/63918060.PDF
002458益生股份2013年年度报告.PDF,http://www.cninfo.com.cn/finalpage/2014-04-25/63915285.PDF
002458益生股份2013年年度报告摘要.PDF,http://www.cninfo.com.cn/finalpage/2014-04-25/63915284.PDF
600108亚盛集团2013年年度报告.PDF,http://www.cninfo.com.cn/finalpage/2014-04-25/63914686.PDF
600108亚盛集团2013年年度报告摘要.PDF,http://www.cninfo.com.cn/finalpage/2014-04-25/63914683.PDF
002477雏鹰农牧2013年年度报告.PDF,http://www.cninfo.com.cn/finalpage/2014-04-24/63905088.PDF
002477雏鹰农牧2013年年度报告摘要.PDF,http://www.cninfo.com.cn/finalpage/2014-04-24/63905086.PDF
600371万向德农2013年年度报告.PDF,http://www.cninfo.com.cn/finalpage/2014-04-24/63901035.PDF
600371万向德农2013年年度报告摘要.PDF,http://www.cninfo.com.cn/finalpage/2014-04-24/63901027.PDF
002041登海种业2013年年度报告.PDF,http://www.cninfo.com.cn/finalpage/2014-04-23/63896809.PDF
002041登海种业2013年年度报告摘要.PDF,http://www.cninfo.com.cn/finalpage/2014-04-23/63896254.PDF
002679福建金森2013年年度报告.PDF,http://www.cninfo.com.cn/finalpage/2014-04-23/63896122.PDF
002679福建金森2013年年度报告摘要.PDF,http://www.cninfo.com.cn/finalpage/2014-04-23/63896113.PDF
300106西部牧业2013年年度报告.PDF,http://www.cninfo.com.cn/finalpage/2014-04-23/63893989.PDF
300106西部牧业2013年年度报告摘要.PDF,http://www.cninfo.com.cn/finalpage/2014-04-23/63893972.PDF
600467好当家2013年年度报告摘要.PDF,http://www.cninfo.com.cn/finalpage/2014-04-23/63893671.PDF
600467好当家2013年年度报告.PDF,http://www.cninfo.com.cn/finalpage/2014-04-23/63893669.PDF
002299圣农发展2013年年度报告.PDF,http://www.cninfo.com.cn/finalpage/2014-04-22/63884585.PDF
002299圣农发展2013年年度报告摘要.PDF,http://www.cninfo.com.cn/finalpage/2014-04-22/63884576.PDF
600265ST景谷2013年年度报告.PDF,http://www.cninfo.com.cn/finalpage/2014-04-19/63872933.PDF
600265ST景谷2013年年度报告摘要.PDF,http://www.cninfo.com.cn/finalpage/2014-04-19/63872928.PDF
002234民和股份2013年年度报告.PDF,http://www.cninfo.com.cn/finalpage/2014-04-19/63870251.PDF
002234民和股份2013年年度报告摘要.PDF,http://www.cninfo.com.cn/finalpage/2014-04-19/63870227.PDF
002086东方海洋2013年年度报告.PDF,http://www.cninfo.com.cn/finalpage/2014-04-19/63867012.PDF
002086东方海洋2013年年度报告摘要.PDF,http://www.cninfo.com.cn/finalpage/2014-04-19/63867011.PDF
601118海南橡胶2013年年度报告.PDF,http://www.cninfo.com.cn/finalpage/2014-04-18/63863610.PDF
601118海南橡胶2013年年度报告摘要.PDF,http://www.cninfo.com.cn/finalpage/2014-04-18/63863604.PDF
600965福成五丰2013年年度报告(修订版).PDF,http://www.cninfo.com.cn/finalpage/2014-04-18/63860299.PDF
600965福成五丰2013年年度报告摘要(修订版).PDF,http://www.cninfo.com.cn/finalpage/2014-04-18/63860298.PDF
002505大康牧业2013年年度报告.PDF,http://www.cninfo.com.cn/finalpage/2014-04-15/63840513.PDF
002505大康牧业2013年年度报告摘要.PDF,http://www.cninfo.com.cn/finalpage/2014-04-15/63840503.PDF
300313天山生物2013年年度报告.PDF,http://www.cninfo.com.cn/finalpage/2014-04-12/63828468.PDF
300313天山生物2013年年度报告摘要.PDF,http://www.cninfo.com.cn/finalpage/2014-04-12/63828466.PDF
600965福成五丰2013年年度报告.PDF,http://www.cninfo.com.cn/finalpage/2014-04-12/63827670.PDF
600965福成五丰2013年年度报告摘要.PDF,http://www.cninfo.com.cn/finalpage/2014-04-12/63827666.PDF
600354敦煌种业2013年年度报告.PDF,http://www.cninfo.com.cn/finalpage/2014-04-11/63821344.PDF
600354敦煌种业2013年年度报告摘要.PDF,http://www.cninfo.com.cn/finalpage/2014-04-11/63821337.PDF
002321华英农业2013年年度报告摘要(更新后).PDF,http://www.cninfo.com.cn/finalpage/2014-04-10/63817624.PDF
002321华英农业2013年年度报告.PDF,http://www.cninfo.com.cn/finalpage/2014-04-10/63812942.PDF
002321华英农业2013年年度报告摘要(已取消).PDF,http://www.cninfo.com.cn/finalpage/2014-04-10/63812922.PDF
002447壹桥苗业2013年年度报告.PDF,http://www.cninfo.com.cn/finalpage/2014-04-10/63812182.PDF
002447壹桥苗业2013年年度报告摘要.PDF,http://www.cninfo.com.cn/finalpage/2014-04-10/63812173.PDF
000713丰乐种业2013年年度报告.PDF,http://www.cninfo.com.cn/finalpage/2014-04-09/63804982.PDF
000713丰乐种业2013年年度报告摘要.PDF,http://www.cninfo.com.cn/finalpage/2014-04-09/63804943.PDF
600313农发种业2013年年度报告.PDF,http://www.cninfo.com.cn/finalpage/2014-04-05/63795411.PDF
600313农发种业2013年年度报告摘要.PDF,http://www.cninfo.com.cn/finalpage/2014-04-05/63795410.PDF
300087荃银高科2013年年度报告.PDF,http://www.cninfo.com.cn/finalpage/2014-04-03/63780058.PDF
300087荃银高科2013年年度报告摘要.PDF,http://www.cninfo.com.cn/finalpage/2014-04-03/63780045.PDF
002714牧原股份2013年年度报告.PDF,http://www.cninfo.com.cn/finalpage/2014-04-02/63773774.PDF
002714牧原股份2013年年度报告摘要.PDF,http://www.cninfo.com.cn/finalpage/2014-04-02/63773773.PDF
000998隆平高科2013年年度报告(已取消).PDF,http://www.cninfo.com.cn/finalpage/2014-03-28/63741325.PDF
000998隆平高科2013年年度报告摘要(已取消).PDF,http://www.cninfo.com.cn/finalpage/2014-03-28/63739779.PDF
600598北大荒2013年年度报告.PDF,http://www.cninfo.com.cn/finalpage/2014-03-27/63733625.PDF
600598北大荒2013年年度报告摘要.PDF,http://www.cninfo.com.cn/finalpage/2014-03-27/63733614.PDF
600506香梨股份2013年年度报告.PDF,http://www.cninfo.com.cn/finalpage/2014-03-25/63720145.PDF
600506香梨股份2013年年度报告摘要.PDF,http://www.cninfo.com.cn/finalpage/2014-03-25/63720144.PDF
600975新五丰2013年年度报告.PDF,http://www.cninfo.com.cn/finalpage/2014-03-25/63717879.PDF
600975新五丰2013年年度报告摘要.PDF,http://www.cninfo.com.cn/finalpage/2014-03-25/63717875.PDF
600359新农开发2013年年度报告摘要(修订版).PDF,http://www.cninfo.com.cn/finalpage/2014-03-19/63693873.PDF
600359新农开发2013年年度报告(修订版).PDF,http://www.cninfo.com.cn/finalpage/2014-03-19/63693871.PDF
600359新农开发2013年年度报告.PDF,http://www.cninfo.com.cn/finalpage/2014-03-18/63688126.PDF
600359新农开发2013年年度报告摘要.PDF,http://www.cninfo.com.cn/finalpage/2014-03-18/63688119.PDF
200992中鲁B2013年年度报告(英文版).PDF,http://www.cninfo.com.cn/finalpage/2014-03-06/63642508.PDF
200992中鲁B2013年年度报告.PDF,http://www.cninfo.com.cn/finalpage/2014-03-06/63642505.PDF
200992中鲁B2013年年度报告摘要.PDF,http://www.cninfo.com.cn/finalpage/2014-03-06/63642494.PDF
300143星河生物2013年年度报告.PDF,http://www.cninfo.com.cn/finalpage/2014-02-28/63617237.PDF
300143星河生物2013年年度报告摘要.PDF,http://www.cninfo.com.cn/finalpage/2014-02-28/63617234.PDF
002200ST大地2013年年度报告(更新后).PDF,http://www.cninfo.com.cn/finalpage/2014-02-27/63611258.PDF
002200ST大地2013年年度报告(已取消).PDF,http://www.cninfo.com.cn/finalpage/2014-02-18/63581887.PDF
002200ST大地2013年年度报告摘要.PDF,http://www.cninfo.com.cn/finalpage/2014-02-18/63581886.PDF
200992中鲁B2012年年度报告(英文版)(更新后).PDF,http://www.cninfo.com.cn/finalpage/2013-09-14/63083130.PDF
200992中鲁B2012年年度报告(更新后).PDF,http://www.cninfo.com.cn/finalpage/2013-09-14/63083122.PDF
200992中鲁B2012年年度报告摘要(更新后).PDF,http://www.cninfo.com.cn/finalpage/2013-09-14/63083120.PDF
600359新农开发2012年年度报告摘要(修订版).PDF,http://www.cninfo.com.cn/finalpage/2013-08-24/62985836.PDF
600359新农开发2012年年度报告(修订版).PDF,http://www.cninfo.com.cn/finalpage/2013-08-24/62985835.PDF
600540新赛股份2012年年度报告.PDF,http://www.cninfo.com.cn/finalpage/2013-06-08/62570567.PDF
600506香梨股份2012年年度报告.PDF,http://www.cninfo.com.cn/finalpage/2013-06-01/62542609.PDF
600359新农开发2012年年度报告(修订版).PDF,http://www.cninfo.com.cn/finalpage/2013-05-28/62529448.PDF
600257大湖股份2012年年度报告(修订版).PDF,http://www.cninfo.com.cn/finalpage/2013-04-27/62440186.PDF
000998隆平高科2012年年度报告.PDF,http://www.cninfo.com.cn/finalpage/2013-04-27/62440060.PDF
000998隆平高科2012年年度报告摘要.PDF,http://www.cninfo.com.cn/finalpage/2013-04-27/62440059.PDF
600265ST景谷2012年年度报告摘要.PDF,http://www.cninfo.com.cn/finalpage/2013-04-27/62439722.PDF
600265ST景谷2012年年度报告.PDF,http://www.cninfo.com.cn/finalpage/2013-04-27/62439721.PDF
600097开创国际2012年年度报告摘要.PDF,http://www.cninfo.com.cn/finalpage/2013-04-27/62439710.PDF
600097开创国际2012年年度报告.PDF,http://www.cninfo.com.cn/finalpage/2013-04-27/62439709.PDF
000735罗牛山2012年年度报告.PDF,http://www.cninfo.com.cn/finalpage/2013-04-27/62439055.PDF
000735罗牛山2012年年度报告摘要.PDF,http://www.cninfo.com.cn/finalpage/2013-04-27/62439047.PDF
601118海南橡胶2012年年度报告摘要.PDF,http://www.cninfo.com.cn/finalpage/2013-04-26/62431307.PDF
601118海南橡胶2012年年度报告.PDF,http://www.cninfo.com.cn/finalpage/2013-04-26/62431306.PDF
002447壹桥苗业2012年年度报告.PDF,http://www.cninfo.com.cn/finalpage/2013-04-26/62430465.PDF
002447壹桥苗业2012年年度报告摘要.PDF,http://www.cninfo.com.cn/finalpage/2013-04-26/62430453.PDF
600257大湖股份2012年年度报告摘要.PDF,http://www.cninfo.com.cn/finalpage/2013-04-26/62430094.PDF
600257大湖股份2012年年度报告.PDF,http://www.cninfo.com.cn/finalpage/2013-04-26/62430091.PDF
600598北大荒2012年年度报告摘要.PDF,http://www.cninfo.com.cn/finalpage/2013-04-25/62423820.PDF
600598北大荒2012年年度报告.PDF,http://www.cninfo.com.cn/finalpage/2013-04-25/62423819.PDF
600354敦煌种业2012年年度报告摘要.PDF,http://www.cninfo.com.cn/finalpage/2013-04-25/62422966.PDF
600354敦煌种业2012年年度报告.PDF,http://www.cninfo.com.cn/finalpage/2013-04-25/62422965.PDF
600540新赛股份2012年年度报告摘要.PDF,http://www.cninfo.com.cn/finalpage/2013-04-25/62422233.PDF
600540新赛股份2012年年度报告.PDF,http://www.cninfo.com.cn/finalpage/2013-04-25/62422232.PDF
002200ST大地2012年年度报告.PDF,http://www.cninfo.com.cn/finalpage/2013-04-24/62416517.PDF
002200ST大地2012年年度报告摘要.PDF,http://www.cninfo.com.cn/finalpage/2013-04-24/62416514.PDF
600506香梨股份2012年年度报告摘要.PDF,http://www.cninfo.com.cn/finalpage/2013-04-24/62416469.PDF
600506香梨股份2012年年度报告.PDF,http://www.cninfo.com.cn/finalpage/2013-04-24/62416468.PDF
002069獐子岛2012年年度报告.PDF,http://www.cninfo.com.cn/finalpage/2013-04-24/62416393.PDF
002069獐子岛2012年年度报告摘要.PDF,http://www.cninfo.com.cn/finalpage/2013-04-24/62416378.PDF
002505大康牧业2012年年度报告.PDF,http://www.cninfo.com.cn/finalpage/2013-04-24/62415929.PDF
002505大康牧业2012年年度报告摘要.PDF,http://www.cninfo.com.cn/finalpage/2013-04-24/62415922.PDF
002477雏鹰农牧2012年年度报告.PDF,http://www.cninfo.com.cn/finalpage/2013-04-24/62415463.PDF
002477雏鹰农牧2012年年度报告摘要.PDF,http://www.cninfo.com.cn/finalpage/2013-04-24/62415461.PDF
002041登海种业2012年年度报告.PDF,http://www.cninfo.com.cn/finalpage/2013-04-23/62407321.PDF
002041登海种业2012年年度报告摘要.PDF,http://www.cninfo.com.cn/finalpage/2013-04-23/62407319.PDF
000713丰乐种业2012年年度报告.PDF,http://www.cninfo.com.cn/finalpage/2013-04-23/62406448.PDF
000713丰乐种业2012年年度报告摘要.PDF,http://www.cninfo.com.cn/finalpage/2013-04-23/62406445.PDF
300106西部牧业2012年年度报告.PDF,http://www.cninfo.com.cn/finalpage/2013-04-22/62393361.PDF
300106西部牧业2012年年度报告摘要.PDF,http://www.cninfo.com.cn/finalpage/2013-04-22/62393358.PDF
002679福建金森2012年年度报告.PDF,http://www.cninfo.com.cn/finalpage/2013-04-20/62392989.PDF
002679福建金森2012年年度报告摘要.PDF,http://www.cninfo.com.cn/finalpage/2013-04-20/62392980.PDF
300094国联水产2012年年度报告.PDF,http://www.cninfo.com.cn/finalpage/2013-04-19/62383773.PDF
300094国联水产2012年年度报告摘要.PDF,http://www.cninfo.com.cn/finalpage/2013-04-19/62383765.PDF
000798中水渔业2012年年度报告.PDF,http://www.cninfo.com.cn/finalpage/2013-04-19/62383135.PDF
000798中水渔业2012年年度报告摘要.PDF,http://www.cninfo.com.cn/finalpage/2013-04-19/62383119.PDF
002299圣农发展2012年年度报告.PDF,http://www.cninfo.com.cn/finalpage/2013-04-19/62382378.PDF
002299圣农发展2012年年度报告摘要.PDF,http://www.cninfo.com.cn/finalpage/2013-04-19/62382366.PDF
300189神农大丰2012年年度报告.PDF,http://www.cninfo.com.cn/finalpage/2013-04-18/62377022.PDF
300189神农大丰2012年年度报告摘要.PDF,http://www.cninfo.com.cn/finalpage/2013-04-18/62376988.PDF
300313天山生物2012年年度报告.PDF,http://www.cninfo.com.cn/finalpage/2013-04-18/62376721.PDF
300313天山生物2012年年度报告摘要.PDF,http://www.cninfo.com.cn/finalpage/2013-04-18/62376719.PDF
600975新五丰2012年年度报告摘要.PDF,http://www.cninfo.com.cn/finalpage/2013-04-13/62356675.PDF
600975新五丰2012年年度报告.PDF,http://www.cninfo.com.cn/finalpage/2013-04-13/62356674.PDF
600108亚盛集团2012年年度报告摘要.PDF,http://www.cninfo.com.cn/finalpage/2013-04-12/62352410.PDF
600108亚盛集团2012年年度报告.PDF,http://www.cninfo.com.cn/finalpage/2013-04-12/62352409.PDF
002086东方海洋2012年年度报告.PDF,http://www.cninfo.com.cn/finalpage/2013-04-11/62345276.PDF
002086东方海洋2012年年度报告摘要.PDF,http://www.cninfo.com.cn/finalpage/2013-04-11/62345272.PDF
300087荃银高科2012年年度报告.PDF,http://www.cninfo.com.cn/finalpage/2013-04-10/62340057.PDF
300087荃银高科2012年年度报告摘要.PDF,http://www.cninfo.com.cn/finalpage/2013-04-10/62340056.PDF
002696百洋股份2012年年度报告.PDF,http://www.cninfo.com.cn/finalpage/2013-04-09/62336677.PDF
002696百洋股份2012年年度报告摘要.PDF,http://www.cninfo.com.cn/finalpage/2013-04-09/62336675.PDF
600359ST新农2012年年度报告摘要.PDF,http://www.cninfo.com.cn/finalpage/2013-04-02/62312460.PDF
600359ST新农2012年年度报告.PDF,http://www.cninfo.com.cn/finalpage/2013-04-02/62312459.PDF
000592中福实业2012年年度报告.PDF,http://www.cninfo.com.cn/finalpage/2013-03-30/62302849.PDF
000592中福实业2012年年度报告摘要.PDF,http://www.cninfo.com.cn/finalpage/2013-03-30/62302834.PDF
002234民和股份2012年年度报告.PDF,http://www.cninfo.com.cn/finalpage/2013-03-29/62292810.PDF
002234民和股份2012年年度报告摘要.PDF,http://www.cninfo.com.cn/finalpage/2013-03-29/62292803.PDF
002321华英农业2012年年度报告.PDF,http://www.cninfo.com.cn/finalpage/2013-03-28/62286740.PDF
002321华英农业2012年年度报告摘要.PDF,http://www.cninfo.com.cn/finalpage/2013-03-28/62286725.PDF
600965福成五丰2012年年度报告摘要.PDF,http://www.cninfo.com.cn/finalpage/2013-03-28/62285818.PDF
600965福成五丰2012年年度报告.PDF,http://www.cninfo.com.cn/finalpage/2013-03-28/62285817.PDF
600467好当家2012年年度报告摘要.PDF,http://www.cninfo.com.cn/finalpage/2013-03-26/62272241.PDF
600467好当家2012年年度报告.PDF,http://www.cninfo.com.cn/finalpage/2013-03-26/62272240.PDF
600313中农资源2012年年度报告摘要.PDF,http://www.cninfo.com.cn/finalpage/2013-03-26/62270531.PDF
600313中农资源2012年年度报告.PDF,http://www.cninfo.com.cn/finalpage/2013-03-26/62270530.PDF
600371万向德农2012年年度报告摘要.PDF,http://www.cninfo.com.cn/finalpage/2013-03-15/62215619.PDF
600371万向德农2012年年度报告.PDF,http://www.cninfo.com.cn/finalpage/2013-03-15/62215618.PDF
002458益生股份2012年年度报告.PDF,http://www.cninfo.com.cn/finalpage/2013-03-15/62214441.PDF
002458益生股份2012年年度报告摘要.PDF,http://www.cninfo.com.cn/finalpage/2013-03-15/62214425.PDF
200992中鲁B2012年年度报告(英文版)(已取消).PDF,http://www.cninfo.com.cn/finalpage/2013-03-13/62207820.PDF
200992中鲁B2012年年度报告(已取消).PDF,http://www.cninfo.com.cn/finalpage/2013-03-13/62207819.PDF
200992中鲁B2012年年度报告摘要(已取消).PDF,http://www.cninfo.com.cn/finalpage/2013-03-13/62207805.PDF
300143星河生物2012年年度报告.PDF,http://www.cninfo.com.cn/finalpage/2013-02-06/62116194.PDF
300143星河生物2012年年度报告摘要.PDF,http://www.cninfo.com.cn/finalpage/2013-02-06/62116193.PDF
000998隆平高科2011年年度报告(更新后).PDF,http://www.cninfo.com.cn/finalpage/2012-05-14/60986993.PDF
000998隆平高科2011年年度报告摘要(更新后).PDF,http://www.cninfo.com.cn/finalpage/2012-05-14/60986991.PDF
600359新农开发2011年年度报告摘要.PDF,http://www.cninfo.com.cn/finalpage/2012-04-28/60931445.PDF
600359新农开发2011年年度报告.PDF,http://www.cninfo.com.cn/finalpage/2012-04-28/60931444.PDF
601118海南橡胶2011年年度报告摘要.PDF,http://www.cninfo.com.cn/finalpage/2012-04-28/60931332.PDF
601118海南橡胶2011年年度报告.PDF,http://www.cninfo.com.cn/finalpage/2012-04-28/60931331.PDF
600108亚盛集团2011年年度报告摘要.PDF,http://www.cninfo.com.cn/finalpage/2012-04-28/60931206.PDF
600108亚盛集团2011年年度报告.PDF,http://www.cninfo.com.cn/finalpage/2012-04-28/60931205.PDF
600097开创国际2011年年度报告摘要.PDF,http://www.cninfo.com.cn/finalpage/2012-04-28/60931204.PDF
600097开创国际2011年年度报告.PDF,http://www.cninfo.com.cn/finalpage/2012-04-28/60931203.PDF
000735罗牛山2011年年度报告.PDF,http://www.cninfo.com.cn/finalpage/2012-04-27/60922248.PDF
000735罗牛山2011年年度报告摘要.PDF,http://www.cninfo.com.cn/finalpage/2012-04-27/60922240.PDF
000592中福实业2011年年度报告.PDF,http://www.cninfo.com.cn/finalpage/2012-04-27/60921884.PDF
600598北大荒2011年年度报告摘要.PDF,http://www.cninfo.com.cn/finalpage/2012-04-27/60921744.PDF
600598北大荒2011年年度报告.PDF,http://www.cninfo.com.cn/finalpage/2012-04-27/60921743.PDF
000592中福实业2011年年度报告摘要.PDF,http://www.cninfo.com.cn/finalpage/2012-04-27/60921719.PDF
300189神农大丰2011年年度报告.PDF,http://www.cninfo.com.cn/finalpage/2012-04-27/60920845.PDF
300189神农大丰2011年年度报告摘要.PDF,http://www.cninfo.com.cn/finalpage/2012-04-27/60920837.PDF
600540新赛股份2011年年度报告摘要.PDF,http://www.cninfo.com.cn/finalpage/2012-04-26/60913289.PDF
600540新赛股份2011年年度报告.PDF,http://www.cninfo.com.cn/finalpage/2012-04-26/60913288.PDF
002200ST大地2011年年度报告.PDF,http://www.cninfo.com.cn/finalpage/2012-04-26/60911435.PDF
002200ST大地2011年年度报告摘要.PDF,http://www.cninfo.com.cn/finalpage/2012-04-26/60911434.PDF
002447壹桥苗业2011年年度报告.PDF,http://www.cninfo.com.cn/finalpage/2012-04-26/60910805.PDF
002447壹桥苗业2011年年度报告摘要.PDF,http://www.cninfo.com.cn/finalpage/2012-04-26/60910796.PDF
300094国联水产2011年年度报告.PDF,http://www.cninfo.com.cn/finalpage/2012-04-25/60901104.PDF
300094国联水产2011年年度报告摘要.PDF,http://www.cninfo.com.cn/finalpage/2012-04-25/60901094.PDF
000713丰乐种业2011年年度报告.PDF,http://www.cninfo.com.cn/finalpage/2012-04-25/60900089.PDF
000713丰乐种业2011年年度报告摘要.PDF,http://www.cninfo.com.cn/finalpage/2012-04-25/60900088.PDF
300106西部牧业2011年年度报告.PDF,http://www.cninfo.com.cn/finalpage/2012-04-24/60888536.PDF
300106西部牧业2011年年度报告摘要.PDF,http://www.cninfo.com.cn/finalpage/2012-04-24/60888535.PDF
600257大湖股份2011年年度报告(修订版).PDF,http://www.cninfo.com.cn/finalpage/2012-04-21/60874631.PDF
600265景谷林业2011年年度报告摘要.PDF,http://www.cninfo.com.cn/finalpage/2012-04-21/60873988.PDF
600265景谷林业2011年年度报告.PDF,http://www.cninfo.com.cn/finalpage/2012-04-21/60873987.PDF
002041登海种业2011年年度报告.PDF,http://www.cninfo.com.cn/finalpage/2012-04-21/60872487.PDF
002041登海种业2011年年度报告摘要.PDF,http://www.cninfo.com.cn/finalpage/2012-04-21/60872486.PDF
000998隆平高科2011年年度报告(已取消).PDF,http://www.cninfo.com.cn/finalpage/2012-04-20/60862852.PDF
000998隆平高科2011年年度报告摘要(已取消).PDF,http://www.cninfo.com.cn/finalpage/2012-04-20/60862845.PDF
002505大康牧业2011年年度报告.PDF,http://www.cninfo.com.cn/finalpage/2012-04-18/60847549.PDF
002505大康牧业2011年年度报告摘要.PDF,http://www.cninfo.com.cn/finalpage/2012-04-18/60847536.PDF
600975新五丰2011年年度报告摘要.PDF,http://www.cninfo.com.cn/finalpage/2012-04-17/60841443.PDF
600975新五丰2011年年度报告.PDF,http://www.cninfo.com.cn/finalpage/2012-04-17/60841442.PDF
300087荃银高科2011年年度报告.PDF,http://www.cninfo.com.cn/finalpage/2012-04-10/60805181.PDF
300087荃银高科2011年年度报告摘要.PDF,http://www.cninfo.com.cn/finalpage/2012-04-10/60805179.PDF
000798中水渔业2011年年度报告.PDF,http://www.cninfo.com.cn/finalpage/2012-04-06/60787287.PDF
000798中水渔业2011年年度报告摘要.PDF,http://www.cninfo.com.cn/finalpage/2012-04-06/60787277.PDF
600371万向德农2011年年度报告摘要.PDF,http://www.cninfo.com.cn/finalpage/2012-03-30/60760616.PDF
600371万向德农2011年年度报告.PDF,http://www.cninfo.com.cn/finalpage/2012-03-30/60760615.PDF
600354敦煌种业2011年年度报告摘要.PDF,http://www.cninfo.com.cn/finalpage/2012-03-29/60750311.PDF
600354敦煌种业2011年年度报告.PDF,http://www.cninfo.com.cn/finalpage/2012-03-29/60750310.PDF
600965福成五丰2011年年度报告摘要.PDF,http://www.cninfo.com.cn/finalpage/2012-03-29/60750297.PDF
600965福成五丰2011年年度报告.PDF,http://www.cninfo.com.cn/finalpage/2012-03-29/60750296.PDF
002086东方海洋2011年年度报告.PDF,http://www.cninfo.com.cn/finalpage/2012-03-29/60749016.PDF
002086东方海洋2011年年度报告摘要.PDF,http://www.cninfo.com.cn/finalpage/2012-03-29/60749013.PDF
002069獐子岛2011年年度报告.PDF,http://www.cninfo.com.cn/finalpage/2012-03-28/60742233.PDF
002069獐子岛2011年年度报告摘要.PDF,http://www.cninfo.com.cn/finalpage/2012-03-28/60742232.PDF
600467好当家2011年年度报告摘要.PDF,http://www.cninfo.com.cn/finalpage/2012-03-28/60741030.PDF
600467好当家2011年年度报告.PDF,http://www.cninfo.com.cn/finalpage/2012-03-28/60741029.PDF
600313ST中农2011年年度报告摘要.PDF,http://www.cninfo.com.cn/finalpage/2012-03-27/60730862.PDF
600313ST中农2011年年度报告.PDF,http://www.cninfo.com.cn/finalpage/2012-03-27/60730861.PDF
600257大湖股份2011年年度报告摘要.PDF,http://www.cninfo.com.cn/finalpage/2012-03-26/60724272.PDF
600257大湖股份2011年年度报告.PDF,http://www.cninfo.com.cn/finalpage/2012-03-26/60724271.PDF
200992中鲁B2011年年度报告(英文版)(更新后).PDF,http://www.cninfo.com.cn/finalpage/2012-03-23/60711260.PDF
200992中鲁B2011年年度报告(更新后).PDF,http://www.cninfo.com.cn/finalpage/2012-03-23/60711259.PDF
002234民和股份2011年年度报告.PDF,http://www.cninfo.com.cn/finalpage/2012-03-20/60692391.PDF
002234民和股份2011年年度报告摘要.PDF,http://www.cninfo.com.cn/finalpage/2012-03-20/60692384.PDF
200992中鲁B2011年年度报告(英文版)(已取消).PDF,http://www.cninfo.com.cn/finalpage/2012-03-16/60676900.PDF
200992中鲁B2011年年度报告(已取消).PDF,http://www.cninfo.com.cn/finalpage/2012-03-16/60676899.PDF
200992中鲁B2011年年度报告摘要.PDF,http://www.cninfo.com.cn/finalpage/2012-03-16/60676889.PDF
600506ST香梨2011年年度报告摘要.PDF,http://www.cninfo.com.cn/finalpage/2012-03-15/60672010.PDF
600506ST香梨2011年年度报告.PDF,http://www.cninfo.com.cn/finalpage/2012-03-15/60672009.PDF
002477雏鹰农牧2011年年度报告.PDF,http://www.cninfo.com.cn/finalpage/2012-03-15/60671753.PDF
002477雏鹰农牧2011年年度报告摘要.PDF,http://www.cninfo.com.cn/finalpage/2012-03-15/60671752.PDF
002458益生股份2011年年度报告.PDF,http://www.cninfo.com.cn/finalpage/2012-03-09/60645283.PDF
002458益生股份2011年年度报告摘要.PDF,http://www.cninfo.com.cn/finalpage/2012-03-09/60645273.PDF
002321华英农业2011年年度报告.PDF,http://www.cninfo.com.cn/finalpage/2012-03-07/60634848.PDF
002321华英农业2011年年度报告摘要.PDF,http://www.cninfo.com.cn/finalpage/2012-03-07/60634838.PDF
300143星河生物2011年年度报告.PDF,http://www.cninfo.com.cn/finalpage/2012-02-24/60579879.PDF
300143星河生物2011年年度报告摘要.PDF,http://www.cninfo.com.cn/finalpage/2012-02-24/60579791.PDF
002299圣农发展2011年年度报告.PDF,http://www.cninfo.com.cn/finalpage/2012-02-17/60552116.PDF
002299圣农发展2011年年度报告摘要.PDF,http://www.cninfo.com.cn/finalpage/2012-02-17/60552115.PDF
002505大康牧业2010年年度报告(更正后).PDF,http://www.cninfo.com.cn/finalpage/2011-07-04/59624841.PDF
002505大康牧业2010年年度报告摘要(更正后).PDF,http://www.cninfo.com.cn/finalpage/2011-07-04/59624840.PDF
000592中福实业2010年年度报告(更正后).PDF,http://www.cninfo.com.cn/finalpage/2011-06-21/59576609.PDF
600359新农开发2010年年度报告摘要.PDF,http://www.cninfo.com.cn/finalpage/2011-04-30/59371121.PDF
600359新农开发2010年年度报告.PDF,http://www.cninfo.com.cn/finalpage/2011-04-30/59371120.PDF
600097开创国际2010年年度报告摘要.PDF,http://www.cninfo.com.cn/finalpage/2011-04-30/59371059.PDF
600097开创国际2010年年度报告.PDF,http://www.cninfo.com.cn/finalpage/2011-04-30/59371058.PDF
002200绿大地2010年年度报告.PDF,http://www.cninfo.com.cn/finalpage/2011-04-30/59370877.PDF
002200绿大地2010年年度报告摘要.PDF,http://www.cninfo.com.cn/finalpage/2011-04-30/59370871.PDF
600108亚盛集团2010年年度报告摘要.PDF,http://www.cninfo.com.cn/finalpage/2011-04-28/59354431.PDF
600108亚盛集团2010年年度报告.PDF,http://www.cninfo.com.cn/finalpage/2011-04-28/59354430.PDF
600371万向德农2010年年度报告摘要.PDF,http://www.cninfo.com.cn/finalpage/2011-04-28/59354373.PDF
600371万向德农2010年年度报告.PDF,http://www.cninfo.com.cn/finalpage/2011-04-28/59354372.PDF
000735罗牛山2010年年度报告.PDF,http://www.cninfo.com.cn/finalpage/2011-04-28/59353568.PDF
000735罗牛山2010年年度报告摘要.PDF,http://www.cninfo.com.cn/finalpage/2011-04-28/59353557.PDF
600313ST中农2010年年度报告摘要.PDF,http://www.cninfo.com.cn/finalpage/2011-04-27/59345972.PDF
600313ST中农2010年年度报告.PDF,http://www.cninfo.com.cn/finalpage/2011-04-27/59345971.PDF
300189神农大丰2010年年度报告.PDF,http://www.cninfo.com.cn/finalpage/2011-04-26/59338031.PDF
300189神农大丰2010年年度报告摘要.PDF,http://www.cninfo.com.cn/finalpage/2011-04-26/59338024.PDF
601118海南橡胶2010年年度报告摘要.PDF,http://www.cninfo.com.cn/finalpage/2011-04-25/59330251.PDF
601118海南橡胶2010年年度报告.PDF,http://www.cninfo.com.cn/finalpage/2011-04-25/59330250.PDF
600257大湖股份2010年年度报告摘要.PDF,http://www.cninfo.com.cn/finalpage/2011-04-22/59313712.PDF
600257大湖股份2010年年度报告.PDF,http://www.cninfo.com.cn/finalpage/2011-04-22/59313711.PDF
002041登海种业2010年年度报告.PDF,http://www.cninfo.com.cn/finalpage/2011-04-21/59305097.PDF
002041登海种业2010年年度报告摘要.PDF,http://www.cninfo.com.cn/finalpage/2011-04-21/59305095.PDF
600598北大荒2010年年度报告摘要.PDF,http://www.cninfo.com.cn/finalpage/2011-04-21/59305068.PDF
600598北大荒2010年年度报告.PDF,http://www.cninfo.com.cn/finalpage/2011-04-21/59305067.PDF
002447壹桥苗业2010年年度报告.PDF,http://www.cninfo.com.cn/finalpage/2011-04-20/59297517.PDF
002447壹桥苗业2010年年度报告摘要.PDF,http://www.cninfo.com.cn/finalpage/2011-04-20/59297509.PDF
300094国联水产2010年年度报告.PDF,http://www.cninfo.com.cn/finalpage/2011-04-20/59297486.PDF
300094国联水产2010年年度报告摘要.PDF,http://www.cninfo.com.cn/finalpage/2011-04-20/59297472.PDF
600354敦煌种业2010年年度报告摘要.PDF,http://www.cninfo.com.cn/finalpage/2011-04-15/59271208.PDF
600354敦煌种业2010年年度报告.PDF,http://www.cninfo.com.cn/finalpage/2011-04-15/59271207.PDF
000998隆平高科2010年年度报告.PDF,http://www.cninfo.com.cn/finalpage/2011-04-15/59271025.PDF
000998隆平高科2010年年度报告摘要.PDF,http://www.cninfo.com.cn/finalpage/2011-04-15/59271015.PDF
600540新赛股份2010年年度报告摘要.PDF,http://www.cninfo.com.cn/finalpage/2011-04-12/59253982.PDF
600540新赛股份2010年年度报告.PDF,http://www.cninfo.com.cn/finalpage/2011-04-12/59253981.PDF
002086东方海洋2010年年度报告.PDF,http://www.cninfo.com.cn/finalpage/2011-04-09/59240900.PDF
002086东方海洋2010年年度报告摘要.PDF,http://www.cninfo.com.cn/finalpage/2011-04-09/59240899.PDF
000713丰乐种业2010年年度报告.PDF,http://www.cninfo.com.cn/finalpage/2011-04-08/59235489.PDF
000713丰乐种业2010年年度报告摘要.PDF,http://www.cninfo.com.cn/finalpage/2011-04-08/59235480.PDF
000798中水渔业2010年年度报告.PDF,http://www.cninfo.com.cn/finalpage/2011-04-08/59235037.PDF
000798中水渔业2010年年度报告摘要.PDF,http://www.cninfo.com.cn/finalpage/2011-04-08/59235028.PDF
002505大康牧业2010年年度报告.PDF,http://www.cninfo.com.cn/finalpage/2011-04-07/59229707.PDF
002505大康牧业2010年年度报告摘要.PDF,http://www.cninfo.com.cn/finalpage/2011-04-07/59229552.PDF
300106西部牧业2010年年度报告.PDF,http://www.cninfo.com.cn/finalpage/2011-04-07/59228516.PDF
300106西部牧业2010年年度报告摘要.PDF,http://www.cninfo.com.cn/finalpage/2011-04-07/59228444.PDF
300087荃银高科2010年年度报告.PDF,http://www.cninfo.com.cn/finalpage/2011-04-06/59219892.PDF
300087荃银高科2010年年度报告摘要.PDF,http://www.cninfo.com.cn/finalpage/2011-04-06/59219891.PDF
000592中福实业2010年年度报告.PDF,http://www.cninfo.com.cn/finalpage/2011-03-30/59198401.PDF
000592中福实业2010年年度报告摘要.PDF,http://www.cninfo.com.cn/finalpage/2011-03-30/59198250.PDF
002234民和股份2010年年度报告.PDF,http://www.cninfo.com.cn/finalpage/2011-03-30/59197692.PDF
002234民和股份2010年年度报告摘要.PDF,http://www.cninfo.com.cn/finalpage/2011-03-30/59197685.PDF
600506ST香梨2010年年度报告摘要.PDF,http://www.cninfo.com.cn/finalpage/2011-03-28/59183975.PDF
600506ST香梨2010年年度报告.PDF,http://www.cninfo.com.cn/finalpage/2011-03-28/59183974.PDF
600965福成五丰2010年年度报告摘要.PDF,http://www.cninfo.com.cn/finalpage/2011-03-26/59178562.PDF
600965福成五丰2010年年度报告.PDF,http://www.cninfo.com.cn/finalpage/2011-03-26/59178561.PDF
600975新五丰2010年年度报告摘要.PDF,http://www.cninfo.com.cn/finalpage/2011-03-26/59178542.PDF
600975新五丰2010年年度报告.PDF,http://www.cninfo.com.cn/finalpage/2011-03-26/59178541.PDF
002458益生股份2010年年度报告.PDF,http://www.cninfo.com.cn/finalpage/2011-03-18/59136241.PDF
002477雏鹰农牧2010年年度报告.PDF,http://www.cninfo.com.cn/finalpage/2011-03-18/59137704.PDF
002321华英农业2010年年度报告.PDF,http://www.cninfo.com.cn/finalpage/2011-03-18/59137858.PDF
002321华英农业2010年年度报告摘要.PDF,http://www.cninfo.com.cn/finalpage/2011-03-18/59137849.PDF
002477雏鹰农牧2010年年度报告摘要.PDF,http://www.cninfo.com.cn/finalpage/2011-03-18/59137703.PDF
002458益生股份2010年年度报告摘要.PDF,http://www.cninfo.com.cn/finalpage/2011-03-18/59136240.PDF
200992中鲁B2010年年度报告(英文版).PDF,http://www.cninfo.com.cn/finalpage/2011-03-16/59125656.PDF
200992中鲁B2010年年度报告.PDF,http://www.cninfo.com.cn/finalpage/2011-03-16/59125655.PDF
200992中鲁B2010年年度报告摘要.PDF,http://www.cninfo.com.cn/finalpage/2011-03-16/59125648.PDF
002069獐子岛2010年年度报告.PDF,http://www.cninfo.com.cn/finalpage/2011-03-15/59120178.PDF
002069獐子岛2010年年度报告摘要.PDF,http://www.cninfo.com.cn/finalpage/2011-03-15/59120177.PDF
600265景谷林业2010年年度报告摘要.PDF,http://www.cninfo.com.cn/finalpage/2011-03-12/59112319.PDF
600265景谷林业2010年年度报告.PDF,http://www.cninfo.com.cn/finalpage/2011-03-12/59112318.PDF
600467好当家2010年年度报告摘要.PDF,http://www.cninfo.com.cn/finalpage/2011-03-08/59091496.PDF
600467好当家2010年年度报告.PDF,http://www.cninfo.com.cn/finalpage/2011-03-08/59091495.PDF
300143星河生物2010年年度报告摘要.PDF,http://www.cninfo.com.cn/finalpage/2011-01-28/58958106.PDF
300143星河生物2010年年度报告.PDF,http://www.cninfo.com.cn/finalpage/2011-01-28/58958112.PDF
002299圣农发展2010年年度报告.PDF,http://www.cninfo.com.cn/finalpage/2011-01-25/58943041.PDF
002299圣农发展2010年年度报告摘要.PDF,http://www.cninfo.com.cn/finalpage/2011-01-25/58943039.PDF
002200绿大地2009年年度报告(补充及更正后).PDF,http://www.cninfo.com.cn/finalpage/2010-05-21/57976993.PDF
002200绿大地2009年年度报告摘要(补充及更正后).PDF,http://www.cninfo.com.cn/finalpage/2010-05-21/57976967.PDF
002200绿大地2009年年度报告.PDF,http://www.cninfo.com.cn/finalpage/2010-04-30/57898828.PDF
002200绿大地2009年年度报告摘要.PDF,http://www.cninfo.com.cn/finalpage/2010-04-30/57898830.PDF
600313ST中农2009年年度报告摘要.PDF,http://www.cninfo.com.cn/finalpage/2010-04-30/57898230.PDF
600313ST中农2009年年度报告.PDF,http://www.cninfo.com.cn/finalpage/2010-04-30/57898229.PDF
600108亚盛集团2009年年度报告摘要.PDF,http://www.cninfo.com.cn/finalpage/2010-04-30/57898220.PDF
600108亚盛集团2009年年度报告.PDF,http://www.cninfo.com.cn/finalpage/2010-04-30/57898219.PDF
600097开创国际2009年年度报告摘要.PDF,http://www.cninfo.com.cn/finalpage/2010-04-30/57898218.PDF
600097开创国际2009年年度报告.PDF,http://www.cninfo.com.cn/finalpage/2010-04-30/57898217.PDF
600598北大荒2009年年度报告.PDF,http://www.cninfo.com.cn/finalpage/2010-04-29/57891814.PDF
600598北大荒2009年年度报告摘要.PDF,http://www.cninfo.com.cn/finalpage/2010-04-29/57891503.PDF
600540新赛股份2009年年度报告摘要.PDF,http://www.cninfo.com.cn/finalpage/2010-04-28/57884023.PDF
600540新赛股份2009年年度报告.PDF,http://www.cninfo.com.cn/finalpage/2010-04-28/57884022.PDF
000735罗牛山2009年年度报告.PDF,http://www.cninfo.com.cn/finalpage/2010-04-28/57883013.PDF
000735罗牛山2009年年度报告摘要.PDF,http://www.cninfo.com.cn/finalpage/2010-04-28/57883002.PDF
002041登海种业2009年年度报告.PDF,http://www.cninfo.com.cn/finalpage/2010-04-21/57842718.PDF
002041登海种业2009年年度报告摘要.PDF,http://www.cninfo.com.cn/finalpage/2010-04-21/57842711.PDF
600467好当家2009年年度报告摘要.PDF,http://www.cninfo.com.cn/finalpage/2010-04-16/57818904.PDF
600467好当家2009年年度报告.PDF,http://www.cninfo.com.cn/finalpage/2010-04-16/57818903.PDF
002086东方海洋2009年年度报告.PDF,http://www.cninfo.com.cn/finalpage/2010-04-15/57813197.PDF
002086东方海洋2009年年度报告摘要.PDF,http://www.cninfo.com.cn/finalpage/2010-04-15/57813196.PDF
600265景谷林业2009年年度报告摘要.PDF,http://www.cninfo.com.cn/finalpage/2010-04-10/57794958.PDF
600265景谷林业2009年年度报告.PDF,http://www.cninfo.com.cn/finalpage/2010-04-10/57794957.PDF
002321华英农业2009年年度报告(更正后).PDF,http://www.cninfo.com.cn/finalpage/2010-04-06/57777399.PDF
000998隆平高科2009年年度报告.PDF,http://www.cninfo.com.cn/finalpage/2010-04-06/57769993.PDF
000998隆平高科2009年年度报告摘要.PDF,http://www.cninfo.com.cn/finalpage/2010-04-06/57769987.PDF
200992中鲁B2009年年度报告(英文版).PDF,http://www.cninfo.com.cn/finalpage/2010-03-31/57753175.PDF
200992中鲁B2009年年度报告.PDF,http://www.cninfo.com.cn/finalpage/2010-03-31/57753174.PDF
200992中鲁B2009年年度报告摘要.PDF,http://www.cninfo.com.cn/finalpage/2010-03-31/57753166.PDF
002321华英农业2009年年度报告.PDF,http://www.cninfo.com.cn/finalpage/2010-03-29/57736420.PDF
002321华英农业2009年年度报告摘要.PDF,http://www.cninfo.com.cn/finalpage/2010-03-29/57736413.PDF
600975新五丰2009年年度报告摘要.PDF,http://www.cninfo.com.cn/finalpage/2010-03-27/57737718.PDF
600975新五丰2009年年度报告.PDF,http://www.cninfo.com.cn/finalpage/2010-03-27/57737717.PDF
000798中水渔业2009年年度报告.PDF,http://www.cninfo.com.cn/finalpage/2010-03-27/57736727.PDF
000798中水渔业2009年年度报告摘要.PDF,http://www.cninfo.com.cn/finalpage/2010-03-27/57736720.PDF
002299圣农发展2009年年度报告.PDF,http://www.cninfo.com.cn/finalpage/2010-03-26/57730491.PDF
002234民和股份2009年年度报告.PDF,http://www.cninfo.com.cn/finalpage/2010-03-26/57730464.PDF
002234民和股份2009年年度报告摘要.PDF,http://www.cninfo.com.cn/finalpage/2010-03-26/57730458.PDF
002299圣农发展2009年年度报告摘要.PDF,http://www.cninfo.com.cn/finalpage/2010-03-26/57730003.PDF
000592中福实业2009年年度报告.PDF,http://www.cninfo.com.cn/finalpage/2010-03-26/57729987.PDF
000592中福实业2009年年度报告摘要.PDF,http://www.cninfo.com.cn/finalpage/2010-03-26/57729981.PDF
600965福成五丰2009年年度报告摘要.PDF,http://www.cninfo.com.cn/finalpage/2010-03-24/57722314.PDF
600965福成五丰2009年年度报告.PDF,http://www.cninfo.com.cn/finalpage/2010-03-24/57722313.PDF
600371万向德农2009年年度报告摘要.PDF,http://www.cninfo.com.cn/finalpage/2010-03-20/57709566.PDF
600371万向德农2009年年度报告.PDF,http://www.cninfo.com.cn/finalpage/2010-03-20/57709565.PDF
600257大湖股份2009年年度报告摘要.PDF,http://www.cninfo.com.cn/finalpage/2010-03-20/57709562.PDF
600257大湖股份2009年年度报告.PDF,http://www.cninfo.com.cn/finalpage/2010-03-20/57709561.PDF
600506ST香梨2009年年度报告摘要.PDF,http://www.cninfo.com.cn/finalpage/2010-03-06/57658526.PDF
600506ST香梨2009年年度报告.PDF,http://www.cninfo.com.cn/finalpage/2010-03-06/57658525.PDF
000713丰乐种业2009年年度报告(更正后).PDF,http://www.cninfo.com.cn/finalpage/2010-03-06/57657904.PDF
600359新农开发2009年年度报告摘要.PDF,http://www.cninfo.com.cn/finalpage/2010-03-02/57639980.PDF
600359新农开发2009年年度报告.PDF,http://www.cninfo.com.cn/finalpage/2010-03-02/57639979.PDF
002069獐子岛2009年年度报告.PDF,http://www.cninfo.com.cn/finalpage/2010-02-23/57615962.PDF
002069獐子岛2009年年度报告摘要.PDF,http://www.cninfo.com.cn/finalpage/2010-02-23/57615928.PDF
600354敦煌种业2009年年度报告摘要(修订版).PDF,http://www.cninfo.com.cn/finalpage/2010-02-12/57607792.PDF
600354敦煌种业2009年年度报告(修订版).PDF,http://www.cninfo.com.cn/finalpage/2010-02-12/57607791.PDF
600354敦煌种业2009年年度报告摘要.PDF,http://www.cninfo.com.cn/finalpage/2010-02-10/57599429.PDF
600354敦煌种业2009年年度报告.PDF,http://www.cninfo.com.cn/finalpage/2010-02-10/57599428.PDF
000713丰乐种业2009年年度报告.PDF,http://www.cninfo.com.cn/finalpage/2010-02-10/57599017.PDF
000713丰乐种业2009年年度报告摘要.PDF,http://www.cninfo.com.cn/finalpage/2010-02-10/57599011.PDF
000998隆平高科2008年年度报告摘要(更正后).PDF,http://www.cninfo.com.cn/finalpage/2009-06-29/54048585.PDF
000998隆平高科2008年年度报告(更正后).PDF,http://www.cninfo.com.cn/finalpage/2009-06-29/54048584.PDF
600354敦煌种业2008年年度报告摘要.PDF,http://www.cninfo.com.cn/finalpage/2009-04-29/51940413.PDF
600354敦煌种业2008年年度报告.PDF,http://www.cninfo.com.cn/finalpage/2009-04-29/51940412.PDF
600467好当家2008年年度报告摘要.PDF,http://www.cninfo.com.cn/finalpage/2009-04-29/51926514.PDF
600467好当家2008年年度报告.PDF,http://www.cninfo.com.cn/finalpage/2009-04-29/51926513.PDF
000735罗牛山2008年年度报告.PDF,http://www.cninfo.com.cn/finalpage/2009-04-29/51902799.PDF
000735罗牛山2008年年度报告摘要.PDF,http://www.cninfo.com.cn/finalpage/2009-04-29/51902793.PDF
600540新赛股份2008年年度报告摘要.PDF,http://www.cninfo.com.cn/finalpage/2009-04-28/51882569.PDF
600540新赛股份2008年年度报告.PDF,http://www.cninfo.com.cn/finalpage/2009-04-28/51882568.PDF
600265景谷林业2008年年度报告摘要.PDF,http://www.cninfo.com.cn/finalpage/2009-04-28/51878604.PDF
600265景谷林业2008年年度报告.PDF,http://www.cninfo.com.cn/finalpage/2009-04-28/51878603.PDF
600257洞庭水殖2008年年度报告摘要.PDF,http://www.cninfo.com.cn/finalpage/2009-04-25/51789569.PDF
600257洞庭水殖2008年年度报告.PDF,http://www.cninfo.com.cn/finalpage/2009-04-25/51789568.PDF
600598北大荒2008年年度报告摘要.PDF,http://www.cninfo.com.cn/finalpage/2009-04-23/51612255.PDF
600598北大荒2008年年度报告.PDF,http://www.cninfo.com.cn/finalpage/2009-04-23/51612254.PDF
002041登海种业2008年年度报告.PDF,http://www.cninfo.com.cn/finalpage/2009-04-21/51494324.PDF
002041登海种业2008年年度报告摘要.PDF,http://www.cninfo.com.cn/finalpage/2009-04-21/51494318.PDF
600975新五丰2008年年度报告摘要.PDF,http://www.cninfo.com.cn/finalpage/2009-04-18/51467202.PDF
600975新五丰2008年年度报告.PDF,http://www.cninfo.com.cn/finalpage/2009-04-18/51467200.PDF
600313ST中农2008年年度报告摘要.PDF,http://www.cninfo.com.cn/finalpage/2009-04-18/51465527.PDF
600313ST中农2008年年度报告.PDF,http://www.cninfo.com.cn/finalpage/2009-04-18/51465526.PDF
600359新农开发2008年年度报告摘要.PDF,http://www.cninfo.com.cn/finalpage/2009-04-14/51230533.PDF
600359新农开发2008年年度报告.PDF,http://www.cninfo.com.cn/finalpage/2009-04-14/51230532.PDF
000798中水渔业2008年年度报告.PDF,http://www.cninfo.com.cn/finalpage/2009-04-10/51152292.PDF
000798中水渔业2008年年度报告摘要.PDF,http://www.cninfo.com.cn/finalpage/2009-04-10/51152291.PDF
002069獐子岛2008年年度报告.PDF,http://www.cninfo.com.cn/finalpage/2009-04-09/51101224.PDF
002086东方海洋2008年年度报告.PDF,http://www.cninfo.com.cn/finalpage/2009-04-09/51097833.PDF
002086东方海洋2008年年度报告摘要.PDF,http://www.cninfo.com.cn/finalpage/2009-04-09/51097832.PDF
002069獐子岛2008年年度报告摘要.PDF,http://www.cninfo.com.cn/finalpage/2009-04-09/51062063.PDF
000998隆平高科2008年年度报告.PDF,http://www.cninfo.com.cn/finalpage/2009-04-08/51042604.PDF
000998隆平高科2008年年度报告摘要.PDF,http://www.cninfo.com.cn/finalpage/2009-04-08/51042600.PDF
600097开创国际2008年年度报告摘要.PDF,http://www.cninfo.com.cn/finalpage/2009-04-03/50945050.PDF
600097开创国际2008年年度报告.PDF,http://www.cninfo.com.cn/finalpage/2009-04-03/50945049.PDF
002200绿大地2008年年度报告摘要.PDF,http://www.cninfo.com.cn/finalpage/2009-03-27/50629497.PDF
600371万向德农2008年年度报告摘要.PDF,http://www.cninfo.com.cn/finalpage/2009-03-27/50630300.PDF
600371万向德农2008年年度报告.PDF,http://www.cninfo.com.cn/finalpage/2009-03-27/50630299.PDF
002200绿大地2008年年度报告.PDF,http://www.cninfo.com.cn/finalpage/2009-03-27/50613962.PDF
600965福成五丰2008年年度报告摘要.PDF,http://www.cninfo.com.cn/finalpage/2009-03-26/50580660.PDF
600965福成五丰2008年年度报告.PDF,http://www.cninfo.com.cn/finalpage/2009-03-26/50580659.PDF
002234民和股份2008年年度报告.PDF,http://www.cninfo.com.cn/finalpage/2009-03-26/50543948.PDF
002234民和股份2008年年度报告摘要.PDF,http://www.cninfo.com.cn/finalpage/2009-03-26/50543942.PDF
000713丰乐种业2008年年度报告.PDF,http://www.cninfo.com.cn/finalpage/2009-03-20/50327379.PDF
000713丰乐种业2008年年度报告摘要.PDF,http://www.cninfo.com.cn/finalpage/2009-03-20/50327378.PDF
000592ST中福2008年年度报告.PDF,http://www.cninfo.com.cn/finalpage/2009-03-13/50103541.PDF
000592ST中福2008年年度报告摘要.PDF,http://www.cninfo.com.cn/finalpage/2009-03-13/50103537.PDF
600506香梨股份2008年年度报告摘要.PDF,http://www.cninfo.com.cn/finalpage/2009-03-12/50083344.PDF
600506香梨股份2008年年度报告.PDF,http://www.cninfo.com.cn/finalpage/2009-03-12/50083343.PDF
200992中鲁B2008年年度报告摘要.PDF,http://www.cninfo.com.cn/finalpage/2009-03-03/49722351.PDF
200992中鲁B2008年年度报告(英文版).PDF,http://www.cninfo.com.cn/finalpage/2009-03-03/49683071.PDF
200992中鲁B2008年年度报告.PDF,http://www.cninfo.com.cn/finalpage/2009-03-03/49683070.PDF
600108亚盛集团2008年年度报告摘要.PDF,http://www.cninfo.com.cn/finalpage/2009-02-28/49670516.PDF
600108亚盛集团2008年年度报告.PDF,http://www.cninfo.com.cn/finalpage/2009-02-28/49670515.PDF
002041登海种业2007年年度报告全文差错更正公告.PDF,http://www.cninfo.com.cn/finalpage/2008-06-20/40618560.PDF
002041登海种业2007年年度报告(更正后).PDF,http://www.cninfo.com.cn/finalpage/2008-06-20/40618558.PDF
002041登海种业2007年年度报告摘要(更正后).PDF,http://www.cninfo.com.cn/finalpage/2008-06-20/40618556.PDF
600540新赛股份2007年年度报告(修订版).PDF,http://www.cninfo.com.cn/finalpage/2008-05-28/40058131.PDF
000735ST罗牛2007年年度报告.PDF,http://www.cninfo.com.cn/finalpage/2008-04-29/39262149.PDF
000735ST罗牛2007年年度报告摘要.PDF,http://www.cninfo.com.cn/finalpage/2008-04-29/39262143.PDF
600354敦煌种业2007年年度报告(修订版).PDF,http://www.cninfo.com.cn/finalpage/2008-04-25/39160369.PDF
600354敦煌种业2007年年度报告摘要(修订版).PDF,http://www.cninfo.com.cn/finalpage/2008-04-25/39161329.PDF
600108亚盛集团2007年年度报告摘要.PDF,http://www.cninfo.com.cn/finalpage/2008-04-25/39146173.PDF
600108亚盛集团2007年年度报告.PDF,http://www.cninfo.com.cn/finalpage/2008-04-25/39146172.PDF
600975新五丰2007年年度报告摘要(修订版).PDF,http://www.cninfo.com.cn/finalpage/2008-04-23/39076516.PDF
600975新五丰2007年年度报告(修订版).PDF,http://www.cninfo.com.cn/finalpage/2008-04-23/39076499.PDF
600598北大荒2007年年度报告摘要.PDF,http://www.cninfo.com.cn/finalpage/2008-04-23/39061077.PDF
600598北大荒2007年年度报告.PDF,http://www.cninfo.com.cn/finalpage/2008-04-23/39061076.PDF
600354敦煌种业2007年年度报告摘要.PDF,http://www.cninfo.com.cn/finalpage/2008-04-23/39061071.PDF
600354敦煌种业2007年年度报告.PDF,http://www.cninfo.com.cn/finalpage/2008-04-23/39061063.PDF
600097华立科技2007年年度报告摘要.PDF,http://www.cninfo.com.cn/finalpage/2008-04-19/38935249.PDF
600097华立科技2007年年度报告.PDF,http://www.cninfo.com.cn/finalpage/2008-04-19/38935230.PDF
600975新五丰2007年年度报告摘要.PDF,http://www.cninfo.com.cn/finalpage/2008-04-19/38934055.PDF
600975新五丰2007年年度报告.PDF,http://www.cninfo.com.cn/finalpage/2008-04-19/38934054.PDF
000998隆平高科2007年年度报告.PDF,http://www.cninfo.com.cn/finalpage/2008-04-15/38750914.PDF
600467好当家2007年年度报告摘要.PDF,http://www.cninfo.com.cn/finalpage/2008-04-15/38777546.PDF
600467好当家2007年年度报告.PDF,http://www.cninfo.com.cn/finalpage/2008-04-15/38777392.PDF
000998隆平高科2007年年度报告摘要.PDF,http://www.cninfo.com.cn/finalpage/2008-04-15/38750985.PDF
000798中水渔业2007年年度报告.PDF,http://www.cninfo.com.cn/finalpage/2008-04-12/38710615.PDF
000798中水渔业2007年年度报告摘要.PDF,http://www.cninfo.com.cn/finalpage/2008-04-12/38710614.PDF
600313ST中农2007年年度报告摘要.PDF,http://www.cninfo.com.cn/finalpage/2008-04-12/38739576.PDF
600313ST中农2007年年度报告.PDF,http://www.cninfo.com.cn/finalpage/2008-04-12/38739575.PDF
002069獐子岛2007年年度报告.PDF,http://www.cninfo.com.cn/finalpage/2008-04-09/38634588.PDF
002069獐子岛2007年年度报告摘要.PDF,http://www.cninfo.com.cn/finalpage/2008-04-09/38634556.PDF
600257洞庭水殖2007年年度报告摘要.PDF,http://www.cninfo.com.cn/finalpage/2008-04-02/38469184.PDF
600257洞庭水殖2007年年度报告.PDF,http://www.cninfo.com.cn/finalpage/2008-04-02/38469183.PDF
002041登海种业2007年年度报告.PDF,http://www.cninfo.com.cn/finalpage/2008-03-29/38389288.PDF
002041登海种业2007年年度报告摘要.PDF,http://www.cninfo.com.cn/finalpage/2008-03-29/38389287.PDF
600265景谷林业2007年年度报告(修订版).PDF,http://www.cninfo.com.cn/finalpage/2008-03-25/38258303.PDF
600265景谷林业2007年年度报告(修订版).PDF,http://www.cninfo.com.cn/finalpage/2008-03-25/38228025.PDF
600965福成五丰2007年年度报告摘要.PDF,http://www.cninfo.com.cn/finalpage/2008-03-25/38225780.PDF
600965福成五丰2007年年度报告.PDF,http://www.cninfo.com.cn/finalpage/2008-03-25/38225774.PDF
000713丰乐种业2007年年度报告.PDF,http://www.cninfo.com.cn/finalpage/2008-03-20/38122987.PDF
000713丰乐种业2007年年度报告摘要.PDF,http://www.cninfo.com.cn/finalpage/2008-03-20/38122983.PDF
600540新赛股份2007年年度报告摘要.PDF,http://www.cninfo.com.cn/finalpage/2008-03-07/37816662.PDF
600540新赛股份2007年年度报告.PDF,http://www.cninfo.com.cn/finalpage/2008-03-07/37816658.PDF
600265景谷林业2007年年度报告摘要.PDF,http://www.cninfo.com.cn/finalpage/2008-03-07/37816267.PDF
600265景谷林业2007年年度报告.PDF,http://www.cninfo.com.cn/finalpage/2008-03-07/37816265.PDF
600359新农开发2007年年度报告摘要.PDF,http://www.cninfo.com.cn/finalpage/2008-03-05/37747626.PDF
600359新农开发2007年年度报告.PDF,http://www.cninfo.com.cn/finalpage/2008-03-05/37747609.PDF
600371万向德农2007年年度报告摘要.PDF,http://www.cninfo.com.cn/finalpage/2008-02-27/37577309.PDF
600371万向德农2007年年度报告.PDF,http://www.cninfo.com.cn/finalpage/2008-02-27/37577289.PDF
600506香梨股份2007年年度报告摘要.PDF,http://www.cninfo.com.cn/finalpage/2008-02-26/37543799.PDF
600506香梨股份2007年年度报告.PDF,http://www.cninfo.com.cn/finalpage/2008-02-26/37543797.PDF
002200绿大地2007年年度报告.PDF,http://www.cninfo.com.cn/finalpage/2008-02-19/37373295.PDF
002200绿大地2007年年度报告摘要.PDF,http://www.cninfo.com.cn/finalpage/2008-02-19/37373294.PDF
200992ST中鲁B2007年年度报告(英文版).PDF,http://www.cninfo.com.cn/finalpage/2008-02-18/37338412.PDF
200992ST中鲁B2007年年度报告.PDF,http://www.cninfo.com.cn/finalpage/2008-02-18/37338411.PDF
200992ST中鲁B2007年年度报告摘要.PDF,http://www.cninfo.com.cn/finalpage/2008-02-18/37338406.PDF
002086东方海洋2007年年度报告(更正后).PDF,http://www.cninfo.com.cn/finalpage/2008-01-30/37072262.PDF
000592SST昌源2007年年度报告.PDF,http://www.cninfo.com.cn/finalpage/2008-01-29/37013514.PDF
000592SST昌源2007年年度报告摘要.PDF,http://www.cninfo.com.cn/finalpage/2008-01-29/37013509.PDF
002086东方海洋2007年年度报告.PDF,http://www.cninfo.com.cn/finalpage/2008-01-28/37004985.PDF
002086东方海洋2007年年度报告摘要.PDF,http://www.cninfo.com.cn/finalpage/2008-01-28/37004984.PDF
000592SST昌源2006年年度报告摘要.PDF,http://www.cninfo.com.cn/finalpage/2007-04-30/23213289.PDF
000592SST昌源2006年年度报告.PDF,http://www.cninfo.com.cn/finalpage/2007-04-30/23213249.PDF
600762SST金荔2006年年度报告摘要.PDF,http://www.cninfo.com.cn/finalpage/2007-04-30/23210144.PDF
600762SST金荔2006年年度报告.PDF,http://www.cninfo.com.cn/finalpage/2007-04-30/23210106.PDF
600313SST中农2006年年度报告摘要.PDF,http://www.cninfo.com.cn/finalpage/2007-04-28/23195818.PDF
600313SST中农2006年年度报告.PDF,http://www.cninfo.com.cn/finalpage/2007-04-28/23195817.PDF
600108亚盛集团2006年年度报告.PDF,http://www.cninfo.com.cn/finalpage/2007-04-28/23194771.PDF
600265景谷林业2006年年度报告摘要.PDF,http://www.cninfo.com.cn/finalpage/2007-04-27/23140309.PDF
600265景谷林业2006年年度报告.PDF,http://www.cninfo.com.cn/finalpage/2007-04-27/23140268.PDF
000735罗牛山2006年年度报告.PDF,http://www.cninfo.com.cn/finalpage/2007-04-26/23091029.PDF
000735罗牛山2006年年度报告摘要.PDF,http://www.cninfo.com.cn/finalpage/2007-04-26/23091015.PDF
600598北大荒2006年年度报告摘要.PDF,http://www.cninfo.com.cn/finalpage/2007-04-21/22964275.PDF
600598北大荒2006年年度报告.PDF,http://www.cninfo.com.cn/finalpage/2007-04-21/22964263.PDF
600354敦煌种业2006年年度报告摘要.PDF,http://www.cninfo.com.cn/finalpage/2007-04-20/22916855.PDF
600354敦煌种业2006年年度报告.PDF,http://www.cninfo.com.cn/finalpage/2007-04-20/22916819.PDF
002041登海种业2006年年度报告.PDF,http://www.cninfo.com.cn/finalpage/2007-04-18/22823751.PDF
002041登海种业2006年年度报告摘要.PDF,http://www.cninfo.com.cn/finalpage/2007-04-18/22823747.PDF
600975新五丰2006年年度报告摘要.PDF,http://www.cninfo.com.cn/finalpage/2007-04-12/22661467.PDF
600975新五丰2006年年度报告.PDF,http://www.cninfo.com.cn/finalpage/2007-04-12/22661433.PDF
600359新农开发2006年年度报告摘要.PDF,http://www.cninfo.com.cn/finalpage/2007-04-10/22592619.PDF
600359新农开发2006年年度报告.PDF,http://www.cninfo.com.cn/finalpage/2007-04-10/22592615.PDF
600097华立科技2006年年度报告摘要.PDF,http://www.cninfo.com.cn/finalpage/2007-04-07/22519612.PDF
600097华立科技2006年年度报告.PDF,http://www.cninfo.com.cn/finalpage/2007-04-07/22519603.PDF
000713丰乐种业2006年年度报告摘要.PDF,http://www.cninfo.com.cn/finalpage/2007-04-06/22483250.PDF
000713丰乐种业2006年年度报告.PDF,http://www.cninfo.com.cn/finalpage/2007-04-06/22483243.PDF
600257洞庭水殖2006年年度报告摘要.PDF,http://www.cninfo.com.cn/finalpage/2007-04-03/21984662.PDF
600257洞庭水殖2006年年度报告.PDF,http://www.cninfo.com.cn/finalpage/2007-04-03/21984660.PDF
000798中水渔业2006年年度报告.PDF,http://www.cninfo.com.cn/finalpage/2007-03-31/21937654.PDF
000798中水渔业2006年年度报告摘要.PDF,http://www.cninfo.com.cn/finalpage/2007-03-31/21933632.PDF
200992ST中鲁B2006年年度报告(英文).PDF,http://www.cninfo.com.cn/finalpage/2007-03-26/21744154.PDF
200992ST中鲁B2006年年度报告摘要(英文).PDF,http://www.cninfo.com.cn/finalpage/2007-03-26/21744152.PDF
200992ST中鲁B2006年年度报告摘要.PDF,http://www.cninfo.com.cn/finalpage/2007-03-26/21744145.PDF
200992ST中鲁B2006年年度报告.PDF,http://www.cninfo.com.cn/finalpage/2007-03-26/21744138.PDF
002069獐子岛2006年年度报告摘要.PDF,http://www.cninfo.com.cn/finalpage/2007-03-23/21708311.PDF
002069獐子岛2006年年度报告.PDF,http://www.cninfo.com.cn/finalpage/2007-03-23/21708305.PDF
000998隆平高科2006年年度报告.PDF,http://www.cninfo.com.cn/finalpage/2007-03-19/21567566.PDF
000998隆平高科2006年年度报告摘要.PDF,http://www.cninfo.com.cn/finalpage/2007-03-19/21567454.PDF
600467好当家2006年年度报告摘要.PDF,http://www.cninfo.com.cn/finalpage/2007-03-13/21426717.PDF
600467好当家2006年年度报告.PDF,http://www.cninfo.com.cn/finalpage/2007-03-13/21426712.PDF
600506香梨股份2006年年度报告摘要.PDF,http://www.cninfo.com.cn/finalpage/2007-03-10/21395879.PDF
600506香梨股份2006年年度报告.PDF,http://www.cninfo.com.cn/finalpage/2007-03-10/21395835.PDF
600540新赛股份关于《2006年度报告及其摘要》更正公告.PDF,http://www.cninfo.com.cn/finalpage/2007-03-06/21245714.PDF
600965福成五丰2006年年度报告摘要.PDF,http://www.cninfo.com.cn/finalpage/2007-03-06/21243982.PDF
600965福成五丰2006年年度报告.PDF,http://www.cninfo.com.cn/finalpage/2007-03-06/21243974.PDF
600540新赛股份关于《2006年度报告及其摘要》更正公告.PDF,http://www.cninfo.com.cn/finalpage/2007-03-01/21123301.PDF
002086东方海洋2006年年度报告.PDF,http://www.cninfo.com.cn/finalpage/2007-02-28/21087876.PDF
002086东方海洋2006年年度报告摘要.PDF,http://www.cninfo.com.cn/finalpage/2007-02-28/21087874.PDF
600540新赛股份2006年年度报告摘要.PDF,http://www.cninfo.com.cn/finalpage/2007-02-15/20961958.PDF
600540新赛股份2006年年度报告.PDF,http://www.cninfo.com.cn/finalpage/2007-02-15/20961952.PDF
600371华冠科技2006年年度报告摘要.PDF,http://www.cninfo.com.cn/finalpage/2007-02-10/20858042.PDF
600371华冠科技2006年年度报告.PDF,http://www.cninfo.com.cn/finalpage/2007-02-10/20858039.PDF
600762SST金荔ST金荔2005年年度报告的更正公告.PDF,http://www.cninfo.com.cn/finalpage/2006-07-01/17626457.PDF
600762SST金荔ST金荔2005年年度报告.PDF,http://www.cninfo.com.cn/finalpage/2006-06-30/17616638.PDF
600762SST金荔ST金荔2005年度报告摘要.PDF,http://www.cninfo.com.cn/finalpage/2006-06-30/17616640.PDF
600506香梨股份香梨股份2005年年度报告的补充公告.PDF,http://www.cninfo.com.cn/finalpage/2006-06-03/17237211.PDF
000592平潭发展ST昌源2005年年度报告.PDF,http://www.cninfo.com.cn/finalpage/2006-05-31/17207817.PDF
000592平潭发展ST昌源2005年年度报告摘要.PDF,http://www.cninfo.com.cn/finalpage/2006-05-31/17207819.PDF
600257G水殖2005年年度报告更正公告.PDF,http://www.cninfo.com.cn/finalpage/2006-05-20/17132711.PDF
600359新农开发新农开发2005年年度报告的更正公告.PDF,http://www.cninfo.com.cn/finalpage/2006-05-19/17123601.PDF
600257大湖股份G水殖2005年年度报告摘要.PDF,http://www.cninfo.com.cn/finalpage/2006-04-29/17016710.PDF
600257大湖股份G水殖2005年年度报告.PDF,http://www.cninfo.com.cn/finalpage/2006-04-29/17016707.PDF
600108亚盛集团亚盛集团2005年年度报告摘要.PDF,http://www.cninfo.com.cn/finalpage/2006-04-28/17001665.PDF
600108亚盛集团亚盛集团2005年年度报告.PDF,http://www.cninfo.com.cn/finalpage/2006-04-28/17001667.PDF
600265景谷林业2005年年度报告的更正说明.PDF,http://www.cninfo.com.cn/finalpage/2006-04-25/16973577.PDF
600354敦煌种业敦煌种业2005年年度报告摘要.PDF,http://www.cninfo.com.cn/finalpage/2006-04-21/16944182.PDF
600354敦煌种业敦煌种业2005年年度报告.PDF,http://www.cninfo.com.cn/finalpage/2006-04-21/16944185.PDF
600506香梨股份香梨股份2005年年度报告摘要.PDF,http://www.cninfo.com.cn/finalpage/2006-04-20/16935501.PDF
600506香梨股份香梨股份2005年年度报告.PDF,http://www.cninfo.com.cn/finalpage/2006-04-20/16935499.PDF
002041登海种业登海种业2005年年度报告摘要.PDF,http://www.cninfo.com.cn/finalpage/2006-04-18/16920355.PDF
002041登海种业登海种业2005年年度报告.PDF,http://www.cninfo.com.cn/finalpage/2006-04-18/16920356.PDF
600598北大荒G北大荒2005年年度报告摘要.PDF,http://www.cninfo.com.cn/finalpage/2006-04-18/16919060.PDF
600359新农开发新农开发2005年年度报告摘要.PDF,http://www.cninfo.com.cn/finalpage/2006-04-18/16919184.PDF
600359新农开发新农开发2005年年度报告.PDF,http://www.cninfo.com.cn/finalpage/2006-04-18/16919181.PDF
600598北大荒G北大荒2005年年度报告.PDF,http://www.cninfo.com.cn/finalpage/2006-04-18/16919058.PDF
600975新五丰新五丰2005年年度报告.PDF,http://www.cninfo.com.cn/finalpage/2006-04-13/16892200.PDF
600975新五丰新五丰2005年年度报告摘要.PDF,http://www.cninfo.com.cn/finalpage/2006-04-13/16891817.PDF
600265ST景谷景谷林业2005年年度报告摘要.PDF,http://www.cninfo.com.cn/finalpage/2006-04-07/16860366.PDF
600265ST景谷景谷林业2005年年度报告.PDF,http://www.cninfo.com.cn/finalpage/2006-04-07/16860367.PDF
000998隆平高科G隆平2005年年度报告摘要.PDF,http://www.cninfo.com.cn/finalpage/2006-04-06/16854932.PDF
000998隆平高科G隆平2005年年度报告.PDF,http://www.cninfo.com.cn/finalpage/2006-04-06/16854931.PDF
000798中水渔业中水渔业2005年年度报告摘要.PDF,http://www.cninfo.com.cn/finalpage/2006-03-31/16642972.PDF
200992中鲁BST中鲁B2005年年度报告摘要.PDF,http://www.cninfo.com.cn/finalpage/2006-03-31/16643073.PDF
200992中鲁BST中鲁B2005年年度报告摘要(英文版).PDF,http://www.cninfo.com.cn/finalpage/2006-03-31/16643079.PDF
200992中鲁BST中鲁B2005年年度报告.PDF,http://www.cninfo.com.cn/finalpage/2006-03-31/16643072.PDF
000798中水渔业中水渔业2005年年度报告.PDF,http://www.cninfo.com.cn/finalpage/2006-03-31/16642969.PDF
200992中鲁BST中鲁B2005年年度报告(英文版).PDF,http://www.cninfo.com.cn/finalpage/2006-03-31/16643083.PDF
000713丰乐种业G丰乐2005年年度报告摘要.PDF,http://www.cninfo.com.cn/finalpage/2006-03-22/16594910.PDF
000713丰乐种业G丰乐2005年年度报告.PDF,http://www.cninfo.com.cn/finalpage/2006-03-22/16594908.PDF
600097开创国际华立科技2005年年度报告摘要.PDF,http://www.cninfo.com.cn/finalpage/2006-03-22/16595198.PDF
600097开创国际华立科技2005年年度报告.PDF,http://www.cninfo.com.cn/finalpage/2006-03-22/16595199.PDF
000735罗牛山罗牛山2005年年度报告摘要.PDF,http://www.cninfo.com.cn/finalpage/2006-03-11/16554675.PDF
000735罗牛山罗牛山2005年年度报告.PDF,http://www.cninfo.com.cn/finalpage/2006-03-11/16554673.PDF
600371万向德农华冠科技2005年年度报告摘要.PDF,http://www.cninfo.com.cn/finalpage/2006-03-09/16545534.PDF
600371万向德农华冠科技2005年年度报告.PDF,http://www.cninfo.com.cn/finalpage/2006-03-09/16545535.PDF
600965福成股份福成五丰2005年年度报告摘要.PDF,http://www.cninfo.com.cn/finalpage/2006-03-08/16540990.PDF
600965福成股份福成五丰2005年年度报告.PDF,http://www.cninfo.com.cn/finalpage/2006-03-08/16540991.PDF
600313农发种业中农资源2005年年度报告摘要.PDF,http://www.cninfo.com.cn/finalpage/2006-03-07/16535772.PDF
600313农发种业中农资源2005年年度报告.PDF,http://www.cninfo.com.cn/finalpage/2006-03-07/16535773.PDF
600540新赛股份2005年年度报告正文及其摘要的更正公告.PDF,http://www.cninfo.com.cn/finalpage/2006-03-01/16516081.PDF
600467好当家好当家2005年年度报告摘要.PDF,http://www.cninfo.com.cn/finalpage/2006-02-28/16506593.PDF
600467好当家好当家2005年年度报告.PDF,http://www.cninfo.com.cn/finalpage/2006-02-28/16506595.PDF
600540新赛股份新赛股份2005年年度报告摘要.PDF,http://www.cninfo.com.cn/finalpage/2006-01-25/16409823.PDF
600540新赛股份新赛股份2005年年度报告.PDF,http://www.cninfo.com.cn/finalpage/2006-01-25/16409820.PDF
600762SST金荔ST金荔2004年年度报告摘要.PDF,http://www.cninfo.com.cn/finalpage/2005-06-30/15574947.PDF
600762SST金荔ST金荔2004年年度报告.PDF,http://www.cninfo.com.cn/finalpage/2005-06-30/15574945.PDF
000592平潭发展ST昌源2004年年度报告摘要更正公告.PDF,http://www.cninfo.com.cn/finalpage/2005-05-21/15407650.PDF
000769ST大菲ST大菲2004年年度报告摘要.PDF,http://www.cninfo.com.cn/finalpage/2005-05-21/15409994.PDF
000769ST大菲ST大菲2004年年度报告.PDF,http://www.cninfo.com.cn/finalpage/2005-05-21/15409993.PDF
000592平潭发展ST昌源2004年年度报告摘要.PDF,http://www.cninfo.com.cn/finalpage/2005-04-28/15311010.PDF
000592平潭发展ST昌源2004年年度报告.PDF,http://www.cninfo.com.cn/finalpage/2005-04-28/15310996.PDF
600108亚盛集团亚盛集团2004年年度报告更正公告.PDF,http://www.cninfo.com.cn/finalpage/2005-04-28/15317405.PDF
600108亚盛集团亚盛集团2004年年度报告的更正公告.PDF,http://www.cninfo.com.cn/finalpage/2005-04-28/15317406.PDF
600672ST华圣ST华圣2004年年度报告摘要.PDF,http://www.cninfo.com.cn/finalpage/2005-04-28/15312595.PDF
600672ST华圣ST华圣2004年年度报告.PDF,http://www.cninfo.com.cn/finalpage/2005-04-28/15312587.PDF
600359新农开发新农开发2004年年度报告更正公告.PDF,http://www.cninfo.com.cn/finalpage/2005-04-23/15276870.PDF
600108亚盛集团亚盛集团2004年年度报告摘要.PDF,http://www.cninfo.com.cn/finalpage/2005-04-22/15269995.PDF
600108亚盛集团亚盛集团2004年年度报告.PDF,http://www.cninfo.com.cn/finalpage/2005-04-22/15269996.PDF
600257大湖股份洞庭水殖2004年年度报告摘要.PDF,http://www.cninfo.com.cn/finalpage/2005-04-19/15244949.PDF
600257大湖股份洞庭水殖2004年年度报告.PDF,http://www.cninfo.com.cn/finalpage/2005-04-19/15244941.PDF
600540新赛股份新赛股份2004年年度报告摘要.PDF,http://www.cninfo.com.cn/finalpage/2005-04-19/15246166.PDF
600540新赛股份新赛股份2004年年度报告.PDF,http://www.cninfo.com.cn/finalpage/2005-04-19/15246162.PDF
000735罗牛山罗牛山2004年年度报告摘要.PDF,http://www.cninfo.com.cn/finalpage/2005-04-18/15235664.PDF
000735罗牛山罗牛山2004年年度报告.PDF,http://www.cninfo.com.cn/finalpage/2005-04-18/15235660.PDF
200992中鲁BST中鲁B2004年年度报告摘要.PDF,http://www.cninfo.com.cn/finalpage/2005-04-16/15235783.PDF
200992中鲁BST中鲁B2004年年度报告摘要(英文版).PDF,http://www.cninfo.com.cn/finalpage/2005-04-16/15235794.PDF
200992中鲁BST中鲁B2004年年度报告(英文版).PDF,http://www.cninfo.com.cn/finalpage/2005-04-16/15235804.PDF
200992中鲁BST中鲁B2004年年度报告.PDF,http://www.cninfo.com.cn/finalpage/2005-04-16/15235782.PDF
600354敦煌种业敦煌种业2004年年度报告摘要.PDF,http://www.cninfo.com.cn/finalpage/2005-04-16/15235377.PDF
600354敦煌种业敦煌种业2004年年度报告.PDF,http://www.cninfo.com.cn/finalpage/2005-04-16/15235373.PDF
600265ST景谷景谷林业2004年年度报告更正公告.PDF,http://www.cninfo.com.cn/finalpage/2005-04-14/15223238.PDF
600598北大荒北大荒2004年年度报告摘要.PDF,http://www.cninfo.com.cn/finalpage/2005-04-14/15221701.PDF
600598北大荒北大荒2004年年度报告.PDF,http://www.cninfo.com.cn/finalpage/2005-04-14/15221699.PDF
600371万向德农华冠科技2004年年度报告补充公告.PDF,http://www.cninfo.com.cn/finalpage/2005-04-13/15218367.PDF
600265ST景谷景谷林业2004年年度报告.PDF,http://www.cninfo.com.cn/finalpage/2005-04-12/15210674.PDF
600265ST景谷景谷林业2004年年度报告摘要.PDF,http://www.cninfo.com.cn/finalpage/2005-04-12/15210679.PDF
600506香梨股份香梨股份2004年年度报告补充公告.PDF,http://www.cninfo.com.cn/finalpage/2005-04-09/15205367.PDF
000713丰乐种业丰乐种业2004年年度报告摘要.PDF,http://www.cninfo.com.cn/finalpage/2005-04-01/15171925.PDF
000713丰乐种业丰乐种业2004年年度报告.PDF,http://www.cninfo.com.cn/finalpage/2005-04-01/15171924.PDF
000798中水渔业中水渔业2004年年度报告摘要.PDF,http://www.cninfo.com.cn/finalpage/2005-03-31/15165621.PDF
000798中水渔业中水渔业2004年年度报告.PDF,http://www.cninfo.com.cn/finalpage/2005-03-31/15165618.PDF
600975新五丰新五丰2004年年度报告摘要.PDF,http://www.cninfo.com.cn/finalpage/2005-03-29/15153222.PDF
600975新五丰新五丰2004年年度报告.PDF,http://www.cninfo.com.cn/finalpage/2005-03-29/15153221.PDF
600506香梨股份香梨股份2004年年度报告摘要.PDF,http://www.cninfo.com.cn/finalpage/2005-03-26/15145193.PDF
600506香梨股份香梨股份2004年年度报告.PDF,http://www.cninfo.com.cn/finalpage/2005-03-26/15144561.PDF
600965福成股份福成五丰2004年年度报告补充公告.PDF,http://www.cninfo.com.cn/finalpage/2005-03-19/15120662.PDF
600371万向德农华冠科技2004年年度报告摘要.PDF,http://www.cninfo.com.cn/finalpage/2005-03-17/15108093.PDF
600371万向德农华冠科技2004年年度报告.PDF,http://www.cninfo.com.cn/finalpage/2005-03-17/15108091.PDF
600313农发种业ST中农2004年年度报告摘要.PDF,http://www.cninfo.com.cn/finalpage/2005-03-12/15092755.PDF
600313农发种业ST中农2004年年度报告.PDF,http://www.cninfo.com.cn/finalpage/2005-03-12/15092751.PDF
600467好当家好当家2004年年度报告补充公告.PDF,http://www.cninfo.com.cn/finalpage/2005-03-10/15086704.PDF
600359新农开发新农开发2004年年度报告摘要.PDF,http://www.cninfo.com.cn/finalpage/2005-03-08/15072188.PDF
600359新农开发新农开发2004年年度报告.PDF,http://www.cninfo.com.cn/finalpage/2005-03-08/15072185.PDF
600965福成股份福成五丰2004年年度报告摘要.PDF,http://www.cninfo.com.cn/finalpage/2005-03-02/15053843.PDF
600965福成股份福成五丰2004年年度报告.PDF,http://www.cninfo.com.cn/finalpage/2005-03-02/15053838.PDF
600467好当家好当家2004年年度报告摘要.PDF,http://www.cninfo.com.cn/finalpage/2005-03-01/15049094.PDF
600467好当家好当家2004年年度报告.PDF,http://www.cninfo.com.cn/finalpage/2005-03-01/15049090.PDF
600097开创国际华立科技2004年年度报告摘要.PDF,http://www.cninfo.com.cn/finalpage/2005-02-26/15043130.PDF
600097开创国际华立科技2004年年度报告.PDF,http://www.cninfo.com.cn/finalpage/2005-02-26/15043127.PDF
000998隆平高科隆平高科2004年年度报告摘要.PDF,http://www.cninfo.com.cn/finalpage/2005-02-25/15037075.PDF
000998隆平高科隆平高科2004年年度报告.PDF,http://www.cninfo.com.cn/finalpage/2005-02-25/15037074.PDF
000592平潭发展ST昌源2003年年度报告.PDF,http://www.cninfo.com.cn/finalpage/2004-04-30/14011441.PDF
000592平潭发展ST昌源2003年年度报告摘要.PDF,http://www.cninfo.com.cn/finalpage/2004-04-30/14011445.PDF
000769ST大菲菲菲农业2003年年度报告摘要.PDF,http://www.cninfo.com.cn/finalpage/2004-04-27/13989738.PDF
000769ST大菲菲菲农业2003年年度报告.PDF,http://www.cninfo.com.cn/finalpage/2004-04-27/13989615.PDF
000735罗牛山罗牛山2003年年度报告摘要.PDF,http://www.cninfo.com.cn/finalpage/2004-04-24/13978829.PDF
000735罗牛山罗牛山2003年年度报告.PDF,http://www.cninfo.com.cn/finalpage/2004-04-24/13978826.PDF
600672ST华圣ST英教2003年年度报告.PDF,http://www.cninfo.com.cn/finalpage/2004-04-22/13958656.PDF
600598北大荒北大荒2003年年度报告.PDF,http://www.cninfo.com.cn/finalpage/2004-04-22/13958620.PDF
600257大湖股份洞庭水殖2003年年度报告.PDF,http://www.cninfo.com.cn/finalpage/2004-04-22/13958590.PDF
000798中水渔业中水渔业2003年年度报告摘要.PDF,http://www.cninfo.com.cn/finalpage/2004-04-21/13951292.PDF
000798中水渔业中水渔业2003年年度报告.PDF,http://www.cninfo.com.cn/finalpage/2004-04-21/13951289.PDF
600265ST景谷景谷林业2003年年度报告.PDF,http://www.cninfo.com.cn/finalpage/2004-04-20/13942251.PDF
600540新赛股份新赛股份2003年年度报告.PDF,http://www.cninfo.com.cn/finalpage/2004-04-20/13942727.PDF
600097开创国际华立科技2003年年度报告.PDF,http://www.cninfo.com.cn/finalpage/2004-04-17/13926266.PDF
000998隆平高科隆平高科2003年年度报告摘要.PDF,http://www.cninfo.com.cn/finalpage/2004-04-16/13916829.PDF
000998隆平高科隆平高科2003年年度报告.PDF,http://www.cninfo.com.cn/finalpage/2004-04-16/13916826.PDF
600108亚盛集团亚盛集团2003年年度报告.PDF,http://www.cninfo.com.cn/finalpage/2004-04-15/13909492.PDF
600762SST金荔金荔科技2003年年度报告.PDF,http://www.cninfo.com.cn/finalpage/2004-04-13/13897539.PDF
000713丰乐种业丰乐种业2003年年度报告摘要.PDF,http://www.cninfo.com.cn/finalpage/2004-04-08/13881646.PDF
000713丰乐种业丰乐种业2003年年度报告.PDF,http://www.cninfo.com.cn/finalpage/2004-04-08/13881644.PDF
200992中鲁BST中鲁B2003年年度报告(英文版).PDF,http://www.cninfo.com.cn/finalpage/2004-04-02/13865571.PDF
200992中鲁BST中鲁B2003年年度报告摘要(英文版).PDF,http://www.cninfo.com.cn/finalpage/2004-04-02/13865568.PDF
200992中鲁BST中鲁B2003年年度报告摘要.PDF,http://www.cninfo.com.cn/finalpage/2004-04-02/13865561.PDF
200992中鲁BST中鲁B2003年年度报告.PDF,http://www.cninfo.com.cn/finalpage/2004-04-02/13865559.PDF
600506香梨股份香梨股份2003年年度报告.PDF,http://www.cninfo.com.cn/finalpage/2004-03-26/13830000.PDF
600359新农开发新农开发2003年年度报告.PDF,http://www.cninfo.com.cn/finalpage/2004-03-23/13816212.PDF
600354敦煌种业敦煌种业2003年年度报告.PDF,http://www.cninfo.com.cn/finalpage/2004-03-18/13791751.PDF
600313农发种业ST中农2003年年度报告补充公告.PDF,http://www.cninfo.com.cn/finalpage/2004-03-12/13771049.PDF
600371万向德农华冠科技2003年年度报告.PDF,http://www.cninfo.com.cn/finalpage/2004-03-10/13765274.PDF
600313农发种业ST中农2003年年度报告更正及补充公告.PDF,http://www.cninfo.com.cn/finalpage/2004-03-09/13763147.PDF
600313农发种业ST中农2003年年度报告.PDF,http://www.cninfo.com.cn/finalpage/2004-02-10/13594984.PDF
600313农发种业ST中农2002年年度报告补充公告.PDF,http://www.cninfo.com.cn/finalpage/2003-07-10/10756633.PDF
000592平潭发展ST昌源2002年年度报告的补充公告.PDF,http://www.cninfo.com.cn/finalpage/2003-06-26/10745673.PDF
000798中水渔业中水渔业2002年年度报告补充公告.PDF,http://www.cninfo.com.cn/finalpage/2003-05-28/10715400.PDF
000735罗牛山罗牛山2002年年度报告补充公告.PDF,http://www.cninfo.com.cn/finalpage/2003-05-15/10703472.PDF
600108亚盛集团亚盛集团2002年年度报告更正公告.PDF,http://www.cninfo.com.cn/finalpage/2003-05-13/10701024.PDF
000769ST大菲菲菲农业2002年年度报告.PDF,http://www.cninfo.com.cn/finalpage/2003-04-30/10681722.PDF
000769ST大菲菲菲农业2002年年度报告摘要.PDF,http://www.cninfo.com.cn/finalpage/2003-04-30/10681875.PDF
600108亚盛集团亚盛集团2002年年度报告更正公告.PDF,http://www.cninfo.com.cn/finalpage/2003-04-30/10693230.PDF
000713丰乐种业丰乐种业2002年年度报告更正公告.PDF,http://www.cninfo.com.cn/finalpage/2003-04-29/10668288.PDF
200992中鲁B中鲁B2002年年度报告.PDF,http://www.cninfo.com.cn/finalpage/2003-04-29/10668129.PDF
200992中鲁B中鲁B2002年年度报告(英文版).PDF,http://www.cninfo.com.cn/finalpage/2003-04-29/10668131.PDF
200992中鲁B中鲁B2002年年度报告摘要.PDF,http://www.cninfo.com.cn/finalpage/2003-04-29/10668271.PDF
600709ST生态ST生态2002年年度报告.PDF,http://www.cninfo.com.cn/finalpage/2003-04-29/10670936.PDF
600672ST华圣英豪科教2002年年度报告.PDF,http://www.cninfo.com.cn/finalpage/2003-04-29/10670932.PDF
000798中水渔业中水渔业2002年年度报告摘要的更正公告.PDF,http://www.cninfo.com.cn/finalpage/2003-04-26/10643854.PDF
000592平潭发展ST昌源2002年年度报告.PDF,http://www.cninfo.com.cn/finalpage/2003-04-26/10644643.PDF
000592平潭发展ST昌源2002年年度报告摘要.PDF,http://www.cninfo.com.cn/finalpage/2003-04-26/10644796.PDF
000713丰乐种业丰乐种业2002年年度报告.PDF,http://www.cninfo.com.cn/finalpage/2003-04-25/10632828.PDF
000798中水渔业中水渔业2002年年度报告.PDF,http://www.cninfo.com.cn/finalpage/2003-04-25/10632737.PDF
000798中水渔业中水渔业2002年年度报告摘要.PDF,http://www.cninfo.com.cn/finalpage/2003-04-25/10632919.PDF
000713丰乐种业丰乐种业2002年年度报告摘要.PDF,http://www.cninfo.com.cn/finalpage/2003-04-25/10633351.PDF
600108亚盛集团亚盛集团2002年年度报告.PDF,http://www.cninfo.com.cn/finalpage/2003-04-25/10634010.PDF
600313农发种业中农资源2002年年度报告.PDF,http://www.cninfo.com.cn/finalpage/2003-04-22/10599313.PDF
000998隆平高科隆平高科2002年年度报告补充公告.PDF,http://www.cninfo.com.cn/finalpage/2003-04-19/10575602.PDF
600097开创国际华立科技2002年年度报告.PDF,http://www.cninfo.com.cn/finalpage/2003-04-19/10575637.PDF
000735罗牛山罗牛山2002年年度报告.PDF,http://www.cninfo.com.cn/finalpage/2003-04-12/10491223.PDF
000735罗牛山罗牛山2002年年度报告摘要.PDF,http://www.cninfo.com.cn/finalpage/2003-04-12/10491543.PDF
600371万向德农华冠科技2002年年度报告.PDF,http://www.cninfo.com.cn/finalpage/2003-04-10/10473821.PDF
600359新农开发新农开发2002年年度报告.PDF,http://www.cninfo.com.cn/finalpage/2003-04-08/10451859.PDF
600598北大荒北大荒2002年年度报告.PDF,http://www.cninfo.com.cn/finalpage/2003-04-08/10451846.PDF
600257大湖股份洞庭水殖2002年年度报告.PDF,http://www.cninfo.com.cn/finalpage/2003-03-28/10385548.PDF
600506香梨股份香梨股份2002年年度报告.PDF,http://www.cninfo.com.cn/finalpage/2003-03-27/10378657.PDF
600762SST金荔金荔科技2002年年度报告.PDF,http://www.cninfo.com.cn/finalpage/2003-03-26/10337960.PDF
000998隆平高科隆平高科2002年年度报告摘要.PDF,http://www.cninfo.com.cn/finalpage/2003-03-25/10325925.PDF
000998隆平高科隆平高科2002年年度报告.PDF,http://www.cninfo.com.cn/finalpage/2003-03-25/10569742.PDF
600265ST景谷景谷林业2002年年度报告摘要.PDF,http://www.cninfo.com.cn/finalpage/2003-01-25/10136036.PDF
600265ST景谷景谷林业2002年年度报告.PDF,http://www.cninfo.com.cn/finalpage/2003-01-25/10119574.PDF
000798中水渔业中水渔业2001年年度报告补充公告.PDF,http://www.cninfo.com.cn/finalpage/2002-05-22/600915.PDF
600313农发种业中农资源2001年年度报告更正公告.PDF,http://www.cninfo.com.cn/finalpage/2002-05-10/597246.PDF
600313农发种业中农资源2001年年度报告更正公告.PDF,http://www.cninfo.com.cn/finalpage/2002-05-09/596716.PDF
600313农发种业中农资源2001年年度报告补充公告.PDF,http://www.cninfo.com.cn/finalpage/2002-05-09/596712.PDF
600709ST生态ST生态2001年年度报告.PDF,http://www.cninfo.com.cn/finalpage/2002-04-29/587536.PDF
000798中水渔业中水渔业2001年年度报告.PDF,http://www.cninfo.com.cn/finalpage/2002-04-26/580310.PDF
000735罗牛山罗牛山2001年年度报告补充公告.PDF,http://www.cninfo.com.cn/finalpage/2002-04-18/572856.PDF
000713丰乐种业丰乐种业2001年年度报告摘要.html,http://www.cninfo.com.cn/finalpage/2002-04-15/570594.html
000713丰乐种业丰乐种业2001年年度报告.PDF,http://www.cninfo.com.cn/finalpage/2002-04-15/570165.PDF
600313农发种业中农资源2001年年度报告摘要.html,http://www.cninfo.com.cn/finalpage/2002-04-11/568159.html
000735罗牛山罗牛山2001年年度报告摘要.html,http://www.cninfo.com.cn/finalpage/2002-04-11/568144.html
600313农发种业中农资源2001年年度报告.PDF,http://www.cninfo.com.cn/finalpage/2002-04-11/568007.PDF
000735罗牛山罗牛山2001年年度报告.PDF,http://www.cninfo.com.cn/finalpage/2002-04-11/567667.PDF
200992中鲁B中鲁B2001年年度报告的补充更正公告.PDF,http://www.cninfo.com.cn/finalpage/2002-04-10/566948.PDF
000769ST大菲菲菲农业2001年年度报告摘要.html,http://www.cninfo.com.cn/finalpage/2002-04-09/566652.html
000769ST大菲菲菲农业2001年年度报告.PDF,http://www.cninfo.com.cn/finalpage/2002-04-09/566288.PDF
000998隆平高科隆平高科2001年年度报告摘要.html,http://www.cninfo.com.cn/finalpage/2002-04-08/565814.html
000998隆平高科隆平高科2001年年度报告.PDF,http://www.cninfo.com.cn/finalpage/2002-04-08/565232.PDF
600257大湖股份洞庭水殖2001年年度报告补充公告.PDF,http://www.cninfo.com.cn/finalpage/2002-04-05/565041.PDF
600108亚盛集团亚盛集团2001年年度报告摘要.html,http://www.cninfo.com.cn/finalpage/2002-04-05/564852.html
600108亚盛集团亚盛集团2001年年度报告.PDF,http://www.cninfo.com.cn/finalpage/2002-04-05/564704.PDF
000592平潭发展ST中福2001年年度报告.PDF,http://www.cninfo.com.cn/finalpage/2002-03-29/560945.PDF
000592平潭发展ST中福2001年年度报告摘要.html,http://www.cninfo.com.cn/finalpage/2002-03-29/561669.html
600359新农开发新农开发2001年年度报告摘要.html,http://www.cninfo.com.cn/finalpage/2002-03-26/558656.html
600359新农开发新农开发2001年年度报告.PDF,http://www.cninfo.com.cn/finalpage/2002-03-26/558413.PDF
600257大湖股份洞庭水殖2001年年度报告摘要.html,http://www.cninfo.com.cn/finalpage/2002-03-25/558599.html
600257大湖股份洞庭水殖2001年年度报告.PDF,http://www.cninfo.com.cn/finalpage/2002-03-25/557650.PDF
200992中鲁B山东省中鲁远洋渔业股份有限公司二○○一年年度报告摘要.html,http://www.cninfo.com.cn/finalpage/2002-03-22/556876.html
200992中鲁B中鲁B2001年年度报告(英文版).PDF,http://www.cninfo.com.cn/finalpage/2002-03-22/556518.PDF
200992中鲁B中鲁B2001年年度报告.PDF,http://www.cninfo.com.cn/finalpage/2002-03-22/556515.PDF
600672ST华圣英豪科教2001年年度报告.PDF,http://www.cninfo.com.cn/finalpage/2002-03-20/555214.PDF
600672ST华圣广东英豪科技教育投资股份有限公司2001年年度报告摘要.html,http://www.cninfo.com.cn/finalpage/2002-03-20/555249.html
600506香梨股份新疆库尔勒香梨股份有限公司2001年年度报告摘要.html,http://www.cninfo.com.cn/finalpage/2002-03-19/554803.html
600506香梨股份香梨股份2001年年度报告.PDF,http://www.cninfo.com.cn/finalpage/2002-03-19/554665.PDF
600265ST景谷云南景谷林业股份有限公司2001年年度报告摘要.html,http://www.cninfo.com.cn/finalpage/2002-03-15/553210.html
600265ST景谷景谷林业2001年年度报告.PDF,http://www.cninfo.com.cn/finalpage/2002-03-15/553137.PDF
600097开创国际ST恒泰2001年年度报告.PDF,http://www.cninfo.com.cn/finalpage/2002-03-14/552560.PDF
600097开创国际浙江华立科技股份有限公司2001年年度报告摘要.html,http://www.cninfo.com.cn/finalpage/2002-03-14/552633.html
600762SST金荔衡阳市金荔科技农业股份有限公司2001年年度报告摘要.html,http://www.cninfo.com.cn/finalpage/2002-02-06/542323.html
600762SST金荔金荔科技2001年年度报告.PDF,http://www.cninfo.com.cn/finalpage/2002-02-06/542238.PDF
